pair_idx,split,img1_rel,img2_rel
0,train,0015/492130269_796b5bf602_o.jpg,0015/3611827485_281ac6d564_o.jpg
1,test,0022/2835868540_572241d9f7_o.jpg,0022/1610927842_7027d5148d_o.jpg
2,train,0022/2675714713_c4e4746967_o.jpg,0022/2244694791_ec4eee64cc_o.jpg
3,train,0022/38958495_74efb603d5_o.jpg,0022/3715690353_64477b25da_o.jpg
4,val,0022/1469603948_0052cdbe5d_o.jpg,0022/1070377533_d043020b4f_o.jpg
5,train,0022/3216263284_1c2f358e5a_o.jpg,0022/2941542538_0f61a1959c_o.jpg
6,train,0015/2959733121_2a804e7d1c_o.jpg,0015/3480270595_61e9118a00_o.jpg
7,train,0022/2835033819_2806874c89_o.jpg,0022/3353330026_1c0b8f51d9_o.jpg
8,val,0022/2523305319_f42a537f61_o.jpg,0022/2652866084_f528569160_o.jpg
9,train,0022/3106463411_710199120e_o.jpg,0022/3000898340_59cef56f18_o.jpg
10,train,0022/3406090453_bfeb6c40d0_o.jpg,0022/388599473_aa576a9202_o.jpg
11,val,0022/228519770_b3bf41b2fb_o.jpg,0022/2969129627_e8c1be55f3_o.jpg
12,train,0022/2353199691_728747427f_o.jpg,0022/115118203_4dca77c8c5_o.jpg
13,test,0022/3801833953_3e4647c98f_o.jpg,0022/2854678489_96251db6e8_o.jpg
14,test,0015/519467706_cec0e967a5_o.jpg,0015/1017541041_394e9f81d4_o.jpg
15,train,0015/2695220557_acffd8b032_o.jpg,0015/2429046426_eddd69687b_o.jpg
16,val,0022/3686652357_54392802f0_o.jpg,0022/3716501170_348e26ecdf_o.jpg
17,val,0022/511248029_542f26462d_o.jpg,0022/3866520701_0a34d3e614_o.jpg
18,train,0015/3885626944_ef7b25d477_o.jpg,0015/2268632857_50bc94ff02_o.jpg
19,val,0022/1246999913_f034722c7b_o.jpg,0022/3807590577_b863a74f5f_o.jpg
20,test,0022/1173748728_f5d01ef6ef_o.jpg,0022/3228491558_af70759fef_o.jpg
21,test,0015/2416022433_ec37763a52_o.jpg,0015/2194604432_b1e45d6a59_o.jpg
22,val,0022/2516412779_d7554661b5_o.jpg,0022/1225631066_223f43c5ff_o.jpg
23,train,0015/1307424764_836bfa2f6b_o.jpg,0015/878855662_a241416cff_o.jpg
24,train,0022/2848358386_c77b4baf3e_o.jpg,0022/2418898447_014cb125cd_o.jpg
25,train,0015/2144111378_4716e481a7_o.jpg,0015/2695220557_acffd8b032_o.jpg
26,val,0022/448211925_371108e85a_o.jpg,0022/2244694791_ec4eee64cc_o.jpg
27,train,0015/513740738_c66351e607_o.jpg,0015/3603252064_1732668687_o.jpg
28,train,0022/3098461189_ebd1a9b463_o.jpg,0022/318662650_88e3bc1fb6_o.jpg
29,train,0022/2689006333_4e96a6d7e4_o.jpg,0022/215056963_d7d203ba73_o.jpg
30,train,0022/140882320_e0be63682a_o.jpg,0022/1989159872_539fce0e8b_o.jpg
31,train,0015/3228510319_5901f7015b_o.jpg,0015/4002427398_a86e4a7e58_o.jpg
32,train,0022/312975579_2d0c7ca8ab_o.jpg,0022/448206888_227b64ac6b_o.jpg
33,train,0022/1244153832_b3168a7a9b_o.jpg,0022/2364732234_2767cde6e9_o.jpg
34,test,0022/2070556147_a34ef98774_o.jpg,0022/3716504108_7a108dcdbf_o.jpg
35,val,0022/3149949081_854563169e_o.jpg,0022/3771535614_a92fcf05a3_o.jpg
36,train,0015/1653917558_ffec427b3a_o.jpg,0015/3333646021_9216d3ba89_o.jpg
37,val,0015/2879331870_385d8c8dc4_o.jpg,0015/3551806723_a47181cf9a_o.jpg
38,train,0015/399368130_935ba46449_o.jpg,0015/2303006132_e8c635902c_o.jpg
39,train,0015/3228510319_5901f7015b_o.jpg,0015/469030960_254e7b5fe2_o.jpg
40,test,0022/1469603948_0052cdbe5d_o.jpg,0022/2604830299_33a36b49e8_o.jpg
41,train,0022/2675714713_c4e4746967_o.jpg,0022/312975025_9de688d87f_o.jpg
42,train,0022/510806396_53030c4a1c_o.jpg,0022/3918549631_bc2e969aa1_o.jpg
43,train,0015/2588733932_079fa6732a_o.jpg,0015/164326891_8a88269821_o.jpg
44,train,0022/3074969160_feb757b901_o.jpg,0022/543475925_f32587de1a_o.jpg
45,train,0015/2087060047_320bbd3696_o.jpg,0015/3305213780_e460e68085_o.jpg
46,val,0022/2884833200_7f94632175_o.jpg,0022/511214139_209b73f9eb_o.jpg
47,train,0015/4143668500_4d10ec3fc6_o.jpg,0015/897695523_1c1019be37_o.jpg
48,train,0015/2144111378_4716e481a7_o.jpg,0015/399364960_845892e7d7_o.jpg
49,train,0022/2366334289_8b29371e78_o.jpg,0022/2362913557_5e02e49df8_o.jpg
50,val,0015/2874255043_f436b313fb_o.jpg,0015/66518178_f9db888403_o.jpg
51,train,0022/409783245_d8d395e484_o.jpg,0022/1482387239_eeeb02aa48_o.jpg
52,train,0015/275487465_7c3950ece9_o.jpg,0015/2175390292_555e644515_o.jpg
53,val,0022/1535390018_c922ef779d_o.jpg,0022/3807590577_b863a74f5f_o.jpg
54,train,0015/3180508595_1128ea7157_o.jpg,0015/3511130064_16059fefec_o.jpg
55,train,0022/453068332_a802fc9422_o.jpg,0022/501219352_e100164423_o.jpg
56,train,0015/2795417037_fd80a23e35_o.jpg,0015/3607331897_b100f7da8b_o.jpg
57,train,0015/389635453_56b927cfe2_o.jpg,0015/3607331897_b100f7da8b_o.jpg
58,train,0022/2377284574_dcf50dc5c7_o.jpg,0022/115118203_4dca77c8c5_o.jpg
59,train,0022/1894362691_eb9a72713f_o.jpg,0022/2850154144_8d6cc3f05f_o.jpg
60,train,0015/3754970917_99d7cf4861_o.jpg,0015/3008979244_8b871a9a9b_o.jpg
61,train,0022/2244694791_ec4eee64cc_o.jpg,0022/3262415418_224a89e0fc_o.jpg
62,train,0022/2464628195_1a5936f331_o.jpg,0022/2066614418_5a70705407_o.jpg
63,train,0022/501219352_e100164423_o.jpg,0022/1466905824_047f29c391_o.jpg
64,test,0022/557685972_9ce5d71315_o.jpg,0022/3568956904_f156634a3e_o.jpg
65,train,0022/312833485_22ee68d0a8_o.jpg,0022/2414832080_ce0b33bb01_o.jpg
66,train,0015/3602442955_5305b75580_o.jpg,0015/404000070_24067007de_o.jpg
67,train,0022/2663006271_724291aab3_o.jpg,0022/733459890_6209f79181_o.jpg
68,train,0015/186728502_b8b38745c0_o.jpg,0015/2961365335_8c1d232d57_o.jpg
69,train,0022/2850154144_8d6cc3f05f_o.jpg,0022/646220037_7a9250a9ae_o.jpg
70,train,0022/340075389_0d8bfb1f10_o.jpg,0022/772882575_37ff22c631_o.jpg
71,train,0015/3044000961_9a22c3912b_o.jpg,0015/375694219_08f3ef71ee_o.jpg
72,train,0015/3611827485_281ac6d564_o.jpg,0015/2140428609_eecfae94d0_o.jpg
73,train,0022/441847585_4066c9b34b_o.jpg,0022/1297977400_b0630f2b24_o.jpg
74,train,0022/2899024525_d3c7b3b33c_o.jpg,0022/24655383_ba1f244885_o.jpg
75,train,0015/2761597789_e2faa6e53b_o.jpg,0015/3103619104_4b7b5d04de_o.jpg
76,train,0022/4295408049_a11a64958d_o.jpg,0022/557685972_9ce5d71315_o.jpg
77,train,0022/2686594039_193db9a4e9_o.jpg,0022/253344402_0233e0aa67_o.jpg
78,train,0022/2441542594_87b8e6ab5b_o.jpg,0022/1964809378_227cd089c2_o.jpg
79,train,0022/83606285_950fba64a6_o.jpg,0022/3464140746_a8e34df568_o.jpg
80,train,0022/2464627575_604e98f303_o.jpg,0022/2464628195_1a5936f331_o.jpg
81,train,0015/2297515763_02113fb126_o.jpg,0015/3658689893_7a410fce78_o.jpg
82,train,0015/2350756821_98544572e1_o.jpg,0015/3827640857_c93cdfb501_o.jpg
83,train,0015/448295385_1f1e986ff1_o.jpg,0015/2499107370_d54ef6325a_o.jpg
84,train,0015/4043252998_b660b7dffa_o.jpg,0015/3612636980_590b713557_o.jpg
85,train,0022/2004808007_12be8bb96c_o.jpg,0022/220383979_353deb41d6_o.jpg
86,train,0022/1877549382_d5348c2bb0_o.jpg,0022/2838543898_db23c7e021_o.jpg
87,test,0015/2868077621_79f4c04c43_o.jpg,0015/2248320068_7553a48263_o.jpg
88,train,0015/2072844333_4d9359dfdb_o.jpg,0015/479605349_8aa68e066d_o.jpg
89,train,0015/3725011530_c0b61956ec_o.jpg,0015/2493137906_10a2f6b1b6_o.jpg
90,train,0015/3827640857_c93cdfb501_o.jpg,0015/2301409835_141e19ff60_o.jpg
91,test,0015/3018466005_9b0df76317_o.jpg,0015/164326891_8a88269821_o.jpg
92,train,0022/50254895_ce589a7280_o.jpg,0022/3728287955_47fcb1b1be_o.jpg
93,val,0022/3796717978_d9f0c78202_o.jpg,0022/2811690874_f500d83335_o.jpg
94,train,0022/3770735733_708928339e_o.jpg,0022/3228491558_af70759fef_o.jpg
95,test,0022/402463125_91cc1dbc9e_o.jpg,0022/402462375_fc3c6e17a1_o.jpg
96,train,0015/3885626944_ef7b25d477_o.jpg,0015/1162164006_4b2185f4e7_o.jpg
97,train,0022/1170878020_5fb6e7c4e2_o.jpg,0022/3649143756_aca56a6328_o.jpg
98,test,0022/3474328127_ae0a053968_o.jpg,0022/2854678489_96251db6e8_o.jpg
99,train,0022/887591029_b6a427e449_o.jpg,0022/2941541684_6b0283a313_o.jpg
100,train,0022/1775340653_ab208e3a8a_o.jpg,0022/312975025_9de688d87f_o.jpg
101,train,0022/3866520701_0a34d3e614_o.jpg,0022/1482387239_eeeb02aa48_o.jpg
102,train,0022/180148567_2878b6b1b8_o.jpg,0022/397757928_398f9026e8_o.jpg
103,val,0022/312833485_22ee68d0a8_o.jpg,0022/1170878020_5fb6e7c4e2_o.jpg
104,train,0022/2652035923_3a9d2c41f6_o.jpg,0022/1170878322_310db63782_o.jpg
105,train,0015/2184089070_9a8d3c5230_o.jpg,0015/448295385_1f1e986ff1_o.jpg
106,train,0015/2505812706_c3063bbd42_o.jpg,0015/2461826946_e3bdfaee10_o.jpg
107,train,0015/2297517821_a1fa8307c9_o.jpg,0015/552835426_08e0db9e95_o.jpg
108,train,0015/2303006132_e8c635902c_o.jpg,0015/423966189_a67818f8c4_o.jpg
109,train,0022/511248029_542f26462d_o.jpg,0022/2112336447_e3c53d8285_o.jpg
110,train,0022/2927309780_0aca5feae8_o.jpg,0022/402460163_ef84079e29_o.jpg
111,train,0022/2686594039_193db9a4e9_o.jpg,0022/3122828874_49b328e959_o.jpg
112,test,0022/312833324_fa472f029f_o.jpg,0022/2377284574_dcf50dc5c7_o.jpg
113,train,0022/2142632616_76954336cd_o.jpg,0022/1400145940_25c13a7df6_o.jpg
114,train,0022/2675714713_c4e4746967_o.jpg,0022/501186144_fa7a31146e_o.jpg
115,train,0015/2218788515_34db1b55c4_o.jpg,0015/1653713464_53b7d9f139_o.jpg
116,val,0022/2663006271_724291aab3_o.jpg,0022/2508509272_d3f29d064b_o.jpg
117,train,0022/2704204608_ac8406d85b_o.jpg,0022/2703388797_3c4dc9cff7_o.jpg
118,train,0015/2183301381_9d1dfdb9d3_o.jpg,0015/2149894155_fed138e696_o.jpg
119,val,0015/3453338659_014766a711_o.jpg,0015/404000070_24067007de_o.jpg
120,train,0022/2315547624_62f253a152_o.jpg,0022/531357620_f4d44f36fe_o.jpg
121,test,0015/2183181601_581f321c75_o.jpg,0015/403999946_08c8353b8a_o.jpg
122,test,0015/2416807524_e7091ee22a_o.jpg,0015/275603952_94ac921c80_o.jpg
123,train,0015/170804731_6bf4fbecd4_o.jpg,0015/3511130064_16059fefec_o.jpg
124,train,0015/3480270595_61e9118a00_o.jpg,0015/2049844646_11c9c86779_o.jpg
125,train,0022/733459890_6209f79181_o.jpg,0022/3054462140_4072b5465d_o.jpg
126,train,0015/2409395451_667a447a49_o.jpg,0015/878862078_2b0413ca9c_o.jpg
127,val,0015/2287525518_2e30c79380_o.jpg,0015/3563524378_1c6d70bee9_o.jpg
128,train,0022/3856321319_4cbe0e4ef0_o.jpg,0022/3178653611_5f16e3a4b3_o.jpg
129,train,0022/2193910576_081435fb93_o.jpg,0022/998312093_3421192cdc_o.jpg
130,test,0015/1017541041_394e9f81d4_o.jpg,0015/2073853679_f35bb29c49_o.jpg
131,train,0015/3017173460_ab03751ac5_o.jpg,0015/1418151182_773fd15089_o.jpg
132,train,0022/3809929159_2c4feb399b_o.jpg,0022/2941541684_6b0283a313_o.jpg
133,train,0022/3856321319_4cbe0e4ef0_o.jpg,0022/388668440_9e847d374c_o.jpg
134,test,0015/149746416_ee35b4d9ae_o.jpg,0015/478697621_413a7b66fb_o.jpg
135,train,0015/1418151182_773fd15089_o.jpg,0015/2175390292_555e644515_o.jpg
136,train,0022/2314569959_6ec93228c4_o.jpg,0022/3866521455_e50c66d51e_o.jpg
137,train,0022/1244153832_b3168a7a9b_o.jpg,0022/2385799359_5eafaf9739_o.jpg
138,train,0022/887591029_b6a427e449_o.jpg,0022/2643017231_726906d254_o.jpg
139,train,0015/2947740433_8316ecf292_o.jpg,0015/479605349_8aa68e066d_o.jpg
140,train,0015/143983789_f030e8f660_o.jpg,0015/4143668500_4d10ec3fc6_o.jpg
141,train,0015/3485283391_ffc62657fd_o.jpg,0015/3480265591_02fd1d7f7e_o.jpg
142,train,0015/3315597110_2265a3ce06_o.jpg,0015/1653713464_53b7d9f139_o.jpg
143,test,0015/537712827_f80d0012cf_o.jpg,0015/2545457258_e9f30df186_o.jpg
144,train,0022/2082536149_8253c1d62f_o.jpg,0022/1411860536_45b1c02e2f_o.jpg
145,train,0015/3612636980_590b713557_o.jpg,0015/2419867400_bf98421d6c_o.jpg
146,test,0015/2874255043_f436b313fb_o.jpg,0015/2301409835_141e19ff60_o.jpg
147,train,0015/2696052764_9a2716f136_o.jpg,0015/3103619104_4b7b5d04de_o.jpg
148,train,0022/2082536149_8253c1d62f_o.jpg,0022/749377193_506da149f0_o.jpg
149,val,0022/66304037_fc4bfdc192_o.jpg,0022/2838543898_db23c7e021_o.jpg
150,val,0022/3030755654_3d5ec40ca4_o.jpg,0022/2756999791_e60b86c78e_o.jpg
151,val,0022/3353330026_1c0b8f51d9_o.jpg,0022/2694323455_e7e97f0247_o.jpg
152,val,0022/312974599_28ec5e540d_o.jpg,0022/66304037_fc4bfdc192_o.jpg
153,val,0022/2865061552_20756d886a_o.jpg,0022/424044731_6a9fa30581_o.jpg
154,val,0015/2150679996_fd2cd6339e_o.jpg,0015/308950404_34fbc110a7_o.jpg
155,train,0022/1297112213_64e94ffcbb_o.jpg,0022/2604830299_33a36b49e8_o.jpg
156,train,0022/2604633667_ccfa68a6b2_o.jpg,0022/312974796_9fa21e1202_o.jpg
157,val,0015/389635453_56b927cfe2_o.jpg,0015/275493871_794161ba91_o.jpg
158,train,0022/1028453105_b7a446d73c_o.jpg,0022/3067115420_7d71112615_o.jpg
159,val,0015/2144111378_4716e481a7_o.jpg,0015/2140428609_eecfae94d0_o.jpg
160,val,0022/2142521640_9a08bee026_o.jpg,0022/2164387434_9b9d5a995c_o.jpg
161,test,0015/3475832871_843d6b914c_o.jpg,0015/2755820233_4ef9e4a9ba_o.jpg
162,train,0022/2849320555_1a68b4f675_o.jpg,0022/465433915_fb097fed94_o.jpg
163,train,0022/1244153832_b3168a7a9b_o.jpg,0022/186069410_b743faece0_o.jpg
164,train,0022/479390531_a237b6b5f4_o.jpg,0022/2969129627_e8c1be55f3_o.jpg
165,train,0015/3968509319_096d953be0_o.jpg,0015/301589598_39710c03a0_o.jpg
166,test,0022/397758540_e2ec851183_o.jpg,0022/3713497541_ab9fcd2ec4_o.jpg
167,train,0022/180148567_2878b6b1b8_o.jpg,0022/2562895246_0fd38ee3f2_o.jpg
168,train,0015/2761597789_e2faa6e53b_o.jpg,0015/164684196_d172f0865b_o.jpg
169,train,0022/31347159_2b1df19c1d_o.jpg,0022/2051129170_37712f7e1a_o.jpg
170,train,0015/3044000961_9a22c3912b_o.jpg,0015/2200977989_16fdf0cdbb_o.jpg
171,train,0015/205993994_6969ba4619_o.jpg,0015/519467706_cec0e967a5_o.jpg
172,train,0022/2142521640_9a08bee026_o.jpg,0022/1029331258_f91df71f67_o.jpg
173,train,0022/2085380530_7d798c07a1_o.jpg,0022/448206888_227b64ac6b_o.jpg
174,train,0022/2695687620_ea76004e6b_o.jpg,0022/2704221874_65afda36c8_o.jpg
175,train,0015/3182244552_6b2b1a66c4_o.jpg,0015/3754970917_99d7cf4861_o.jpg
176,train,0022/3106463411_710199120e_o.jpg,0022/2142586008_02281291f9_o.jpg
177,train,0015/4143668500_4d10ec3fc6_o.jpg,0015/3884834767_ec7d2cd21c_o.jpg
178,train,0022/1411860536_45b1c02e2f_o.jpg,0022/501186144_fa7a31146e_o.jpg
179,train,0015/1969087925_0f439b6bc7_o.jpg,0015/301589598_39710c03a0_o.jpg
180,val,0022/2562895246_0fd38ee3f2_o.jpg,0022/2679742515_d4964c0aa3_o.jpg
181,train,0022/3640457694_97729a6b55_o.jpg,0022/998312093_3421192cdc_o.jpg
182,train,0015/2049837606_68999e8cdb_o.jpg,0015/330736595_6ee3e97748_o.jpg
183,train,0022/2473048325_239578c0a9_o.jpg,0022/2562071155_eb2473b5c5_o.jpg
184,train,0015/389635223_1213f76125_o.jpg,0015/479605349_8aa68e066d_o.jpg
185,train,0022/2971339027_c23b9761a9_o.jpg,0022/981256188_8f690e95b1_o.jpg
186,test,0015/2415924567_6272c06648_o.jpg,0015/2364083476_4263241831_o.jpg
187,test,0022/1775340653_ab208e3a8a_o.jpg,0022/2652866084_f528569160_o.jpg
188,train,0015/2073855257_40149de429_o.jpg,0015/478697621_413a7b66fb_o.jpg
189,test,0022/2756999791_e60b86c78e_o.jpg,0022/3568956904_f156634a3e_o.jpg
190,val,0015/62688623_17b5de833a_o.jpg,0015/50646217_c352086389_o.jpg
191,train,0022/270064289_6ba2b89fac_o.jpg,0022/3807007505_da137a5cb3_o.jpg
192,train,0022/1466905824_047f29c391_o.jpg,0022/3553841868_b6ee93bf43_o.jpg
193,train,0015/3116080871_8b1a976270_o.jpg,0015/3877294130_8f0a096dbd_o.jpg
194,train,0022/624570534_077746f40c_o.jpg,0022/511190870_be3e66427c_o.jpg
195,train,0022/2451420617_566c473b04_o.jpg,0022/2835868540_572241d9f7_o.jpg
196,train,0022/2857276908_f463cc233d_o.jpg,0022/772882575_37ff22c631_o.jpg
197,test,0022/448211925_371108e85a_o.jpg,0022/995756054_aa7eed5d5c_o.jpg
198,train,0022/2453955940_543226dff0_o.jpg,0022/3228491422_125c54910b_o.jpg
199,train,0015/3884834767_ec7d2cd21c_o.jpg,0015/399364960_845892e7d7_o.jpg
200,test,0015/301589598_39710c03a0_o.jpg,0015/2695220557_acffd8b032_o.jpg
201,test,0022/772882575_37ff22c631_o.jpg,0022/409782007_bee7f5a1f8_o.jpg
202,test,0022/2384872477_5b6ce13006_o.jpg,0022/2244694791_ec4eee64cc_o.jpg
203,train,0022/441847585_4066c9b34b_o.jpg,0022/391017899_2a67c43613_o.jpg
204,train,0022/3464140746_a8e34df568_o.jpg,0022/3568956904_f156634a3e_o.jpg
205,test,0022/3228491666_a4457231e3_o.jpg,0022/3839101128_52208f3aa8_o.jpg
206,test,0022/2312738262_9e2cf897de_o.jpg,0022/3567556886_7d661bf369_o.jpg
207,val,0015/841149791_2ae77144de_o.jpg,0015/345822933_b5fb7b6feb_o.jpg
208,train,0015/3602433917_f463ce87ae_o.jpg,0015/513784629_a73e267b94_o.jpg
209,train,0022/1894362691_eb9a72713f_o.jpg,0022/3568155965_27d02325bb_o.jpg
210,train,0022/3455352909_e6a7dc33d8_o.jpg,0022/248502791_8c6607a333_o.jpg
211,train,0015/2761597789_e2faa6e53b_o.jpg,0015/404000070_24067007de_o.jpg
212,train,0022/2037422488_c0494eecc0_o.jpg,0022/887591029_b6a427e449_o.jpg
213,train,0022/2464627575_604e98f303_o.jpg,0022/12003890_f6c899bec0_o.jpg
214,train,0022/2884833200_7f94632175_o.jpg,0022/2865061552_20756d886a_o.jpg
215,train,0015/309725484_b7918aec9f_o.jpg,0015/2287525518_2e30c79380_o.jpg
216,test,0022/2142521640_9a08bee026_o.jpg,0022/3839101128_52208f3aa8_o.jpg
217,val,0015/3563524378_1c6d70bee9_o.jpg,0015/325576679_48d1b5cb11_o.jpg
218,train,0015/2150679996_fd2cd6339e_o.jpg,0015/310129573_eb686a9dc1_o.jpg
219,test,0022/2850154144_8d6cc3f05f_o.jpg,0022/3807007505_da137a5cb3_o.jpg
220,train,0022/228519770_b3bf41b2fb_o.jpg,0022/3866520701_0a34d3e614_o.jpg
221,train,0022/365096795_b91bc12bd7_o.jpg,0022/1339763830_9ff03441de_o.jpg
222,train,0015/479591780_e4fc8a42ae_o.jpg,0015/3536283854_f6386dd610_o.jpg
223,train,0015/2811393705_fc1d64747e_o.jpg,0015/3536283854_f6386dd610_o.jpg
224,train,0015/841149791_2ae77144de_o.jpg,0015/3305213780_e460e68085_o.jpg
225,val,0015/3602442955_5305b75580_o.jpg,0015/2467874196_fdb349e54c_o.jpg
226,train,0022/3030755654_3d5ec40ca4_o.jpg,0022/2244697829_016008f1e8_o.jpg
227,train,0022/2704204608_ac8406d85b_o.jpg,0022/511190870_be3e66427c_o.jpg
228,train,0015/399366437_93d93efe8f_o.jpg,0015/2993494960_fbb5616487_o.jpg
229,val,0022/498853018_3003d31a2f_o.jpg,0022/3030761546_dbc99a85b8_o.jpg
230,test,0015/2364083476_4263241831_o.jpg,0015/1418151182_773fd15089_o.jpg
231,train,0022/2082536149_8253c1d62f_o.jpg,0022/3568956904_f156634a3e_o.jpg
232,train,0022/1297982846_1b57131854_o.jpg,0022/388599473_aa576a9202_o.jpg
233,train,0015/2184089070_9a8d3c5230_o.jpg,0015/841149791_2ae77144de_o.jpg
234,train,0015/1969087925_0f439b6bc7_o.jpg,0015/371144977_3838c8d978_o.jpg
235,train,0015/2409395451_667a447a49_o.jpg,0015/2152097903_afd5ff9ce6_o.jpg
236,train,0022/3106463411_710199120e_o.jpg,0022/3809929159_2c4feb399b_o.jpg
237,train,0022/2688932631_3ac52f6c54_o.jpg,0022/2062085717_4e24c091dc_o.jpg
238,train,0022/2066614418_5a70705407_o.jpg,0022/2398257186_799b24701d_o.jpg
239,train,0022/3675541387_f37b593a6c_o.jpg,0022/670515494_2b585ee09a_o.jpg
240,train,0022/2260071045_b89d71447f_o.jpg,0022/2569184999_b936a16e1e_o.jpg
241,test,0022/2927310704_c5a0f7cd74_o.jpg,0022/2771662631_b1d3f03750_o.jpg
242,train,0022/365096795_b91bc12bd7_o.jpg,0022/3866521455_e50c66d51e_o.jpg
243,train,0022/733142349_2629104772_o.jpg,0022/12003890_f6c899bec0_o.jpg
244,train,0022/670515494_2b585ee09a_o.jpg,0022/3713497541_ab9fcd2ec4_o.jpg
245,val,0022/3899406056_3dfd5b4ab6_o.jpg,0022/2895957790_0d008281b5_o.jpg
246,test,0022/2142521640_9a08bee026_o.jpg,0022/325288666_e5a21a444a_o.jpg
247,train,0015/2578467387_f0be7e2be1_o.jpg,0015/2826142380_d651c52f86_o.jpg
248,train,0022/3735395703_55e52d4634_o.jpg,0022/1434506947_8ab6f764f5_o.jpg
249,train,0022/2605465116_514cae62d5_o.jpg,0022/1170878020_5fb6e7c4e2_o.jpg
250,train,0022/453068332_a802fc9422_o.jpg,0022/2070556147_a34ef98774_o.jpg
251,train,0015/262596264_0cb3e46c00_o.jpg,0015/492130269_796b5bf602_o.jpg
252,test,0022/3728287955_47fcb1b1be_o.jpg,0022/2927309780_0aca5feae8_o.jpg
253,val,0022/2244697829_016008f1e8_o.jpg,0022/3030761546_dbc99a85b8_o.jpg
254,train,0022/448206888_227b64ac6b_o.jpg,0022/2517232272_b2e66f5024_o.jpg
255,train,0022/1469603948_0052cdbe5d_o.jpg,0022/2070556147_a34ef98774_o.jpg
256,train,0022/646220037_7a9250a9ae_o.jpg,0022/3098461719_81a348b293_o.jpg
257,val,0022/453068332_a802fc9422_o.jpg,0022/2704204608_ac8406d85b_o.jpg
258,train,0015/4001663691_8460da38bb_o.jpg,0015/399364960_845892e7d7_o.jpg
259,train,0022/3729113536_dbf835f498_o.jpg,0022/2244694791_ec4eee64cc_o.jpg
260,train,0015/3519412089_18daa2c071_o.jpg,0015/164326891_8a88269821_o.jpg
261,train,0015/2709820376_ae3debf8b1_o.jpg,0015/473673123_7a024d74c7_o.jpg
262,val,0015/2280790271_f2dcffcebc_o.jpg,0015/2281581496_dfd0300cee_o.jpg
263,val,0015/479605349_8aa68e066d_o.jpg,0015/3602436699_8ae57299b4_o.jpg
264,train,0022/2112336447_e3c53d8285_o.jpg,0022/2768552610_4f85133135_o.jpg
265,train,0015/3968509319_096d953be0_o.jpg,0015/3480265591_02fd1d7f7e_o.jpg
266,train,0022/1362514572_da0fac59f9_o.jpg,0022/2811690874_f500d83335_o.jpg
267,train,0022/340075389_0d8bfb1f10_o.jpg,0022/887548107_602867e1a3_o.jpg
268,val,0015/2689679632_c545872fab_o.jpg,0015/207359015_917287c744_o.jpg
269,test,0022/3216263284_1c2f358e5a_o.jpg,0022/1482387239_eeeb02aa48_o.jpg
270,train,0022/2635957049_db6f8e338e_o.jpg,0022/2968959102_07bf85b94a_o.jpg
271,train,0022/2082536149_8253c1d62f_o.jpg,0022/2605465116_514cae62d5_o.jpg
272,train,0022/4295408049_a11a64958d_o.jpg,0022/365097267_68c2ec1b85_o.jpg
273,train,0022/228519770_b3bf41b2fb_o.jpg,0022/2704204608_ac8406d85b_o.jpg
274,train,0022/249915585_1c6fd2a91b_o.jpg,0022/3030761546_dbc99a85b8_o.jpg
275,train,0015/2703619605_b42ac4085e_o.jpg,0015/3729218862_e3075a422c_o.jpg
276,test,0022/2083320884_93dc970645_o.jpg,0022/186069410_b743faece0_o.jpg
277,train,0022/152275711_0dfbffc8ea_o.jpg,0022/2353199691_728747427f_o.jpg
278,train,0015/164684906_363dc34b47_o.jpg,0015/2268632857_50bc94ff02_o.jpg
279,test,0022/2560614954_79f84e7754_o.jpg,0022/3716504108_7a108dcdbf_o.jpg
280,train,0022/1297970126_ca9334c242_o.jpg,0022/1297105159_6e8cc9166e_o.jpg
281,train,0022/1469603948_0052cdbe5d_o.jpg,0022/1170878322_310db63782_o.jpg
282,train,0022/2768552610_4f85133135_o.jpg,0022/1482387239_eeeb02aa48_o.jpg
283,val,0022/1225631066_223f43c5ff_o.jpg,0022/2385707020_fa1c526dc2_o.jpg
284,val,0022/2814711330_caf820aefa_o.jpg,0022/325288797_537a42bb6f_o.jpg
285,train,0015/3228510319_5901f7015b_o.jpg,0015/3819243606_7acfaf85dd_o.jpg
286,train,0022/2517232272_b2e66f5024_o.jpg,0022/3728287955_47fcb1b1be_o.jpg
287,train,0015/160044900_8dd09cae17_o.jpg,0015/3159096518_744c87899e_o.jpg
288,test,0022/388668445_834615eff6_o.jpg,0022/307038065_5e0909f0df_o.jpg
289,train,0015/4142908691_3884438815_o.jpg,0015/2950639495_44c0edce3e_o.jpg
290,train,0022/1469603948_0052cdbe5d_o.jpg,0022/1482387239_eeeb02aa48_o.jpg
291,train,0015/3885626944_ef7b25d477_o.jpg,0015/3819243606_7acfaf85dd_o.jpg
292,train,0022/3296298959_2bdd857a2e_o.jpg,0022/3866520701_0a34d3e614_o.jpg
293,test,0015/2689679632_c545872fab_o.jpg,0015/3008979244_8b871a9a9b_o.jpg
294,train,0022/397757928_398f9026e8_o.jpg,0022/3567985611_9c590334c7_o.jpg
295,test,0022/1411860536_45b1c02e2f_o.jpg,0022/433892710_09d0fce291_o.jpg
296,train,0022/2315547624_62f253a152_o.jpg,0022/1775340653_ab208e3a8a_o.jpg
297,train,0022/2756999791_e60b86c78e_o.jpg,0022/1482387239_eeeb02aa48_o.jpg
298,train,0022/2168650655_d8075df234_o.jpg,0022/2562895246_0fd38ee3f2_o.jpg
299,train,0015/479605349_8aa68e066d_o.jpg,0015/262596264_0cb3e46c00_o.jpg
300,train,0015/2959733121_2a804e7d1c_o.jpg,0015/2812251450_919bb5b0ac_o.jpg
301,val,0015/3551806723_a47181cf9a_o.jpg,0015/3519412089_18daa2c071_o.jpg
302,train,0015/443995069_b97bad5e15_o.jpg,0015/1092776472_80c5495e4b_o.jpg
303,train,0022/391017899_2a67c43613_o.jpg,0022/2875057485_c8e25315e8_o.jpg
304,val,0015/3017173460_ab03751ac5_o.jpg,0015/2175390292_555e644515_o.jpg
305,train,0015/2721511811_6dbcc6d68b_o.jpg,0015/3602436699_8ae57299b4_o.jpg
306,train,0022/3215385081_b58561049b_o.jpg,0022/2857276908_f463cc233d_o.jpg
307,train,0022/3735395703_55e52d4634_o.jpg,0022/312975294_154b7c3f96_o.jpg
308,train,0022/2676532132_7c55a4b43a_o.jpg,0022/2899024525_d3c7b3b33c_o.jpg
309,train,0015/423966189_a67818f8c4_o.jpg,0015/275603952_94ac921c80_o.jpg
310,train,0015/3602433917_f463ce87ae_o.jpg,0015/160045183_bfea1204a5_o.jpg
311,train,0015/2959742731_9662970b15_o.jpg,0015/2409395451_667a447a49_o.jpg
312,train,0015/404000070_24067007de_o.jpg,0015/2152097903_afd5ff9ce6_o.jpg
313,val,0015/297915079_448359e91c_o.jpg,0015/3968509319_096d953be0_o.jpg
314,train,0015/1349576135_91cfa7d80a_o.jpg,0015/4001663691_8460da38bb_o.jpg
315,test,0022/3722427422_de83a590d7_o.jpg,0022/2652866084_f528569160_o.jpg
316,train,0022/1021716875_4feb03a922_o.jpg,0022/2517231598_d94ffc3469_o.jpg
317,test,0022/3122828230_6c07c7284a_o.jpg,0022/2941541684_6b0283a313_o.jpg
318,train,0022/205952400_63af534239_o.jpg,0022/3722427422_de83a590d7_o.jpg
319,train,0022/571948952_6247341d9f_o.jpg,0022/2560614954_79f84e7754_o.jpg
320,val,0015/897695523_1c1019be37_o.jpg,0015/2377020879_8fe6cc4eef_o.jpg
321,train,0015/1307424764_836bfa2f6b_o.jpg,0015/841149791_2ae77144de_o.jpg
322,train,0022/220383979_353deb41d6_o.jpg,0022/2112336447_e3c53d8285_o.jpg
323,train,0022/453068332_a802fc9422_o.jpg,0022/325288797_537a42bb6f_o.jpg
324,train,0022/2142586008_02281291f9_o.jpg,0022/2142632616_76954336cd_o.jpg
325,train,0022/3735395703_55e52d4634_o.jpg,0022/448211925_371108e85a_o.jpg
326,train,0015/2416783016_245686617a_o.jpg,0015/3159096518_744c87899e_o.jpg
327,train,0015/403999946_08c8353b8a_o.jpg,0015/3116080871_8b1a976270_o.jpg
328,train,0022/2312738262_9e2cf897de_o.jpg,0022/248502791_8c6607a333_o.jpg
329,train,0022/2508509466_989c3d0719_o.jpg,0022/319977162_eec12458e9_o.jpg
330,test,0015/371144977_3838c8d978_o.jpg,0015/2387318672_0f9986d347_o.jpg
331,train,0015/2874255043_f436b313fb_o.jpg,0015/138728131_7b2091047c_o.jpg
332,train,0022/733142349_2629104772_o.jpg,0022/4123974337_76b3c24fef_o.jpg
333,train,0022/2362396430_22bb0d9f43_o.jpg,0022/3353330026_1c0b8f51d9_o.jpg
334,train,0022/2168650655_d8075df234_o.jpg,0022/501918339_d71ec4ca56_o.jpg
335,val,0022/1570210523_2c1d72d751_o.jpg,0022/3000069809_27ed19a143_o.jpg
336,train,0022/388668445_834615eff6_o.jpg,0022/1729347662_ab1101fc98_o.jpg
337,test,0022/2757260812_6fa31d60f0_o.jpg,0022/365096795_b91bc12bd7_o.jpg
338,train,0022/2636781338_ec1a923a4f_o.jpg,0022/3753905083_1ebdcb42fd_o.jpg
339,train,0022/3067494512_301859f793_o.jpg,0022/2899024525_d3c7b3b33c_o.jpg
340,val,0015/2438726530_a256dcf5bc_o.jpg,0015/1357054806_316d0fe26a_o.jpg
341,train,0022/312975025_9de688d87f_o.jpg,0022/2807466317_f7521c4948_o.jpg
342,train,0022/2499583736_eb87c691cf_o.jpg,0022/2562895246_0fd38ee3f2_o.jpg
343,test,0022/152275711_0dfbffc8ea_o.jpg,0022/31347159_2b1df19c1d_o.jpg
344,train,0022/158849802_ebaa5b7ddf_o.jpg,0022/533489729_dd979ca94d_o.jpg
345,val,0022/1482386547_639cb52ac5_o.jpg,0022/2704216294_dac7a931a4_o.jpg
346,train,0022/2675714713_c4e4746967_o.jpg,0022/543475925_f32587de1a_o.jpg
347,train,0022/2733554986_0a14f3a94d_o.jpg,0022/2385799359_5eafaf9739_o.jpg
348,train,0015/308950404_34fbc110a7_o.jpg,0015/2696027842_b39dd9a58e_o.jpg
349,train,0022/2508509466_989c3d0719_o.jpg,0022/228519770_b3bf41b2fb_o.jpg
350,train,0015/3414365394_74d45cbafd_o.jpg,0015/312805622_a59767daaa_o.jpg
351,train,0022/402460922_5ff257d9d9_o.jpg,0022/402462375_fc3c6e17a1_o.jpg
352,train,0015/3607331897_b100f7da8b_o.jpg,0015/2087060047_320bbd3696_o.jpg
353,train,0015/518362793_913de7afca_o.jpg,0015/164326891_8a88269821_o.jpg
354,train,0022/391017899_2a67c43613_o.jpg,0022/2414005003_b333776c67_o.jpg
355,train,0022/2448257341_657a198513_o.jpg,0022/228519770_b3bf41b2fb_o.jpg
356,val,0022/3735395703_55e52d4634_o.jpg,0022/2850154144_8d6cc3f05f_o.jpg
357,train,0022/451231185_24b5b1b13c_o.jpg,0022/412171384_3a7a94fa71_o.jpg
358,train,0015/3819243606_7acfaf85dd_o.jpg,0015/2144111378_4716e481a7_o.jpg
359,train,0015/2461826946_e3bdfaee10_o.jpg,0015/3827640857_c93cdfb501_o.jpg
360,train,0015/2419051977_2fb8a8981c_o.jpg,0015/267072932_723f4483c0_o.jpg
361,train,0022/1775340653_ab208e3a8a_o.jpg,0022/2523305319_f42a537f61_o.jpg
362,train,0022/453068332_a802fc9422_o.jpg,0022/3729113536_dbf835f498_o.jpg
363,train,0015/2149894155_fed138e696_o.jpg,0015/170804731_6bf4fbecd4_o.jpg
364,train,0022/2979728750_97c83c8400_o.jpg,0022/1297112213_64e94ffcbb_o.jpg
365,train,0015/325576679_48d1b5cb11_o.jpg,0015/3055019980_717f603170_o.jpg
366,train,0022/1244153832_b3168a7a9b_o.jpg,0022/2362913561_1b797b1035_o.jpg
367,train,0022/1466905824_047f29c391_o.jpg,0022/34843401_9eb6332066_o.jpg
368,train,0022/2851710008_f00bf23bd4_o.jpg,0022/869156515_c1ddd038e9_o.jpg
369,val,0022/2142521640_9a08bee026_o.jpg,0022/2476618452_cd1ff6ae4e_o.jpg
370,train,0022/3106463411_710199120e_o.jpg,0022/2932843632_46fb72d8d2_o.jpg
371,train,0015/3876484797_d1bed04c34_o.jpg,0015/2957001157_502eef457c_o.jpg
372,train,0022/3406090453_bfeb6c40d0_o.jpg,0022/1070377533_d043020b4f_o.jpg
373,train,0015/3159096518_744c87899e_o.jpg,0015/2492310711_dd098e04b4_o.jpg
374,train,0022/448213417_4617fba0ea_o.jpg,0022/2414005003_b333776c67_o.jpg
375,train,0022/511224274_b5bc4c7e8f_o.jpg,0022/402462375_fc3c6e17a1_o.jpg
376,train,0015/2461826946_e3bdfaee10_o.jpg,0015/2140428609_eecfae94d0_o.jpg
377,train,0015/2874255043_f436b313fb_o.jpg,0015/170804731_6bf4fbecd4_o.jpg
378,test,0015/878855662_a241416cff_o.jpg,0015/2545457258_e9f30df186_o.jpg
379,test,0022/2193910676_b48a7d8434_o.jpg,0022/270064289_6ba2b89fac_o.jpg
380,train,0022/2927310704_c5a0f7cd74_o.jpg,0022/2344446722_e52163a10e_o.jpg
381,train,0022/1244153832_b3168a7a9b_o.jpg,0022/3228491422_125c54910b_o.jpg
382,train,0015/3323430963_ed57f87dcb_o.jpg,0015/1349576135_91cfa7d80a_o.jpg
383,train,0022/2688981605_198dd8c874_o.jpg,0022/448214815_f9d37b29e4_o.jpg
384,test,0015/267072932_723f4483c0_o.jpg,0015/2144092284_8a5198a473_o.jpg
385,test,0022/2082536149_8253c1d62f_o.jpg,0022/2070556147_a34ef98774_o.jpg
386,train,0015/2416783016_245686617a_o.jpg,0015/2152097903_afd5ff9ce6_o.jpg
387,test,0015/3612645118_e1288c22d9_o.jpg,0015/301589598_39710c03a0_o.jpg
388,train,0022/2605465116_514cae62d5_o.jpg,0022/3779206240_183352156b_o.jpg
389,train,0015/2423039455_2c0e80fcaf_o.jpg,0015/214071146_7da52d8dc0_o.jpg
390,train,0015/2947740433_8316ecf292_o.jpg,0015/3602442955_5305b75580_o.jpg
391,test,0022/83606285_950fba64a6_o.jpg,0022/511190870_be3e66427c_o.jpg
392,test,0022/2689006333_4e96a6d7e4_o.jpg,0022/1729347662_ab1101fc98_o.jpg
393,train,0015/2364083476_4263241831_o.jpg,0015/492130269_796b5bf602_o.jpg
394,train,0022/2082536149_8253c1d62f_o.jpg,0022/2899024525_d3c7b3b33c_o.jpg
395,train,0022/3179491696_7750fa951d_o.jpg,0022/3228491558_af70759fef_o.jpg
396,val,0015/1949239530_e4b06e6181_o.jpg,0015/2362907762_bb9469a630_o.jpg
397,test,0022/2675714713_c4e4746967_o.jpg,0022/2807466317_f7521c4948_o.jpg
398,train,0015/389635223_1213f76125_o.jpg,0015/2761597789_e2faa6e53b_o.jpg
399,val,0022/182339698_1617d74525_o.jpg,0022/2562895246_0fd38ee3f2_o.jpg
400,test,0022/1570210523_2c1d72d751_o.jpg,0022/2916597554_bc218c25de_o.jpg
401,test,0015/205993994_6969ba4619_o.jpg,0015/2152097903_afd5ff9ce6_o.jpg
402,test,0022/2675712669_2b32164d63_o.jpg,0022/1170878322_310db63782_o.jpg
403,val,0022/2835868540_572241d9f7_o.jpg,0022/3122828230_6c07c7284a_o.jpg
404,train,0022/1469603948_0052cdbe5d_o.jpg,0022/2807466317_f7521c4948_o.jpg
405,train,0022/378952049_069b98faae_o.jpg,0022/2643019453_9f4842b989_o.jpg
406,test,0015/2461826946_e3bdfaee10_o.jpg,0015/399366437_93d93efe8f_o.jpg
407,val,0022/3456174002_40683e177e_o.jpg,0022/3570107075_b1ac8eaac1_o.jpg
408,train,0015/205993922_4ad25ed386_o.jpg,0015/479605349_8aa68e066d_o.jpg
409,train,0015/4043252998_b660b7dffa_o.jpg,0015/519495813_f5888bacef_o.jpg
410,train,0015/3103619104_4b7b5d04de_o.jpg,0015/50646217_c352086389_o.jpg
411,train,0015/492111834_53b604129e_o.jpg,0015/2874255043_f436b313fb_o.jpg
412,train,0022/2969975182_99836bf589_o.jpg,0022/220383979_353deb41d6_o.jpg
413,train,0022/2689006333_4e96a6d7e4_o.jpg,0022/2362913557_5e02e49df8_o.jpg
414,train,0015/3665648119_3d88cde71f_o.jpg,0015/513740738_c66351e607_o.jpg
415,train,0022/388668440_9e847d374c_o.jpg,0022/3296298959_2bdd857a2e_o.jpg
416,train,0022/3920990360_9ffa68b3db_o.jpg,0022/2464628195_1a5936f331_o.jpg
417,train,0022/1469603948_0052cdbe5d_o.jpg,0022/2768552610_4f85133135_o.jpg
418,test,0015/3536283854_f6386dd610_o.jpg,0015/2947740433_8316ecf292_o.jpg
419,train,0015/3017166508_d2871155a2_o.jpg,0015/1951084910_bbe8292b8c_o.jpg
420,train,0022/1297118643_00029e6b3e_o.jpg,0022/427154679_de14c315f4_o.jpg
421,train,0015/2376290325_1f10c6d2ce_o.jpg,0015/4143668500_4d10ec3fc6_o.jpg
422,train,0015/3016357975_e207c12959_o.jpg,0015/2695220557_acffd8b032_o.jpg
423,train,0022/2448257341_657a198513_o.jpg,0022/501918339_d71ec4ca56_o.jpg
424,train,0015/207359015_917287c744_o.jpg,0015/2492313401_4e912ecf9a_o.jpg
425,train,0022/1469603948_0052cdbe5d_o.jpg,0022/3568956904_f156634a3e_o.jpg
426,train,0015/375696071_1c3e63e9e3_o.jpg,0015/2387318672_0f9986d347_o.jpg
427,train,0022/3106463411_710199120e_o.jpg,0022/2688932271_d1fb737a88_o.jpg
428,train,0015/492111834_53b604129e_o.jpg,0015/2175390292_555e644515_o.jpg
429,train,0015/3480270595_61e9118a00_o.jpg,0015/301589598_39710c03a0_o.jpg
430,train,0015/275493871_794161ba91_o.jpg,0015/3116080871_8b1a976270_o.jpg
431,val,0015/1418151182_773fd15089_o.jpg,0015/2423039455_2c0e80fcaf_o.jpg
432,train,0015/345822933_b5fb7b6feb_o.jpg,0015/2695220557_acffd8b032_o.jpg
433,train,0022/2516412779_d7554661b5_o.jpg,0022/2244697829_016008f1e8_o.jpg
434,train,0015/404000070_24067007de_o.jpg,0015/492111834_53b604129e_o.jpg
435,train,0022/1297112213_64e94ffcbb_o.jpg,0022/1070377533_d043020b4f_o.jpg
436,train,0022/1170878020_5fb6e7c4e2_o.jpg,0022/402463701_1a6453caf2_o.jpg
437,val,0022/498853018_3003d31a2f_o.jpg,0022/2933185848_6afb0358ca_o.jpg
438,train,0022/228519770_b3bf41b2fb_o.jpg,0022/2448257341_657a198513_o.jpg
439,train,0015/1307424764_836bfa2f6b_o.jpg,0015/2947740433_8316ecf292_o.jpg
440,train,0022/152275651_2a82fe4938_o.jpg,0022/2362913561_1b797b1035_o.jpg
441,test,0015/1283321355_191a081149_o.jpg,0015/2431823248_3776ed43ec_o.jpg
442,train,0022/2733554986_0a14f3a94d_o.jpg,0022/152275711_0dfbffc8ea_o.jpg
443,val,0022/1411860536_45b1c02e2f_o.jpg,0022/1776131727_4e23408660_o.jpg
444,train,0022/3219712160_e48de43363_o.jpg,0022/2737745065_9402330b6b_o.jpg
445,train,0022/2688932631_3ac52f6c54_o.jpg,0022/2689745042_637e4b0475_o.jpg
446,train,0022/3106463411_710199120e_o.jpg,0022/811811542_eeb124391a_o.jpg
447,train,0022/152275651_2a82fe4938_o.jpg,0022/1339754696_a60930ee0c_o.jpg
448,train,0022/1411860536_45b1c02e2f_o.jpg,0022/448214815_f9d37b29e4_o.jpg
449,train,0022/402463125_91cc1dbc9e_o.jpg,0022/1482386547_639cb52ac5_o.jpg
450,train,0015/3017173460_ab03751ac5_o.jpg,0015/3885626944_ef7b25d477_o.jpg
451,train,0022/2850154144_8d6cc3f05f_o.jpg,0022/2469630935_47be8ab37a_o.jpg
452,val,0015/423966189_a67818f8c4_o.jpg,0015/2144092284_8a5198a473_o.jpg
453,train,0015/2959733121_2a804e7d1c_o.jpg,0015/297915079_448359e91c_o.jpg
454,train,0015/4174108353_20422632d6_o.jpg,0015/375694219_08f3ef71ee_o.jpg
455,test,0022/66304037_fc4bfdc192_o.jpg,0022/3474328127_ae0a053968_o.jpg
456,train,0022/2244697829_016008f1e8_o.jpg,0022/2062085717_4e24c091dc_o.jpg
457,train,0022/2899024525_d3c7b3b33c_o.jpg,0022/2414005003_b333776c67_o.jpg
458,train,0015/2184089070_9a8d3c5230_o.jpg,0015/330734230_843d97598d_o.jpg
459,test,0022/2385889720_b7d00c42f6_o.jpg,0022/2932843632_46fb72d8d2_o.jpg
460,train,0022/448211925_371108e85a_o.jpg,0022/3920987420_b69f885b96_o.jpg
461,train,0022/2142521640_9a08bee026_o.jpg,0022/2083320884_93dc970645_o.jpg
462,train,0022/511248029_542f26462d_o.jpg,0022/2851715724_65ba8475ed_o.jpg
463,test,0022/2085380530_7d798c07a1_o.jpg,0022/511190226_80ac967026_o.jpg
464,train,0022/248502791_8c6607a333_o.jpg,0022/3067108554_c7eb4a09b8_o.jpg
465,train,0015/519467706_cec0e967a5_o.jpg,0015/3158214253_16b5194f70_o.jpg
466,test,0022/2969129627_e8c1be55f3_o.jpg,0022/1400145940_25c13a7df6_o.jpg
467,train,0022/3899406056_3dfd5b4ab6_o.jpg,0022/269327741_4fdf4f92aa_o.jpg
468,train,0022/2733554986_0a14f3a94d_o.jpg,0022/2756999791_e60b86c78e_o.jpg
469,val,0015/3016357975_e207c12959_o.jpg,0015/205993922_4ad25ed386_o.jpg
470,val,0015/205993994_6969ba4619_o.jpg,0015/2140428609_eecfae94d0_o.jpg
471,train,0022/310584686_0965d00b4c_o.jpg,0022/1297105159_6e8cc9166e_o.jpg
472,val,0015/3116080871_8b1a976270_o.jpg,0015/170804731_6bf4fbecd4_o.jpg
473,val,0015/3016357975_e207c12959_o.jpg,0015/2791594059_6477917e8c_o.jpg
474,test,0022/2807466317_f7521c4948_o.jpg,0022/2809395207_359faaff0f_o.jpg
475,train,0015/519467706_cec0e967a5_o.jpg,0015/3013143177_54466d4f81_o.jpg
476,val,0022/2508509466_989c3d0719_o.jpg,0022/2315547624_62f253a152_o.jpg
477,train,0022/2652035923_3a9d2c41f6_o.jpg,0022/2244694791_ec4eee64cc_o.jpg
478,train,0022/1411860536_45b1c02e2f_o.jpg,0022/770197291_dbe856fdc9_o.jpg
479,train,0022/152275711_0dfbffc8ea_o.jpg,0022/3568956904_f156634a3e_o.jpg
480,train,0022/249915585_1c6fd2a91b_o.jpg,0022/3113891455_b62694879a_o.jpg
481,train,0022/3649143756_aca56a6328_o.jpg,0022/365096795_b91bc12bd7_o.jpg
482,train,0015/2248320068_7553a48263_o.jpg,0015/2795419285_b4bbfa1862_o.jpg
483,train,0015/1017541041_394e9f81d4_o.jpg,0015/3158214253_16b5194f70_o.jpg
484,test,0015/310129573_eb686a9dc1_o.jpg,0015/3314768535_18f35875cb_o.jpg
485,train,0022/2643019453_9f4842b989_o.jpg,0022/402460163_ef84079e29_o.jpg
486,train,0022/2415654069_7515075a87_o.jpg,0022/557685972_9ce5d71315_o.jpg
487,val,0015/2461826946_e3bdfaee10_o.jpg,0015/1951084910_bbe8292b8c_o.jpg
488,val,0015/2761597789_e2faa6e53b_o.jpg,0015/91859233_136e683590_o.jpg
489,val,0022/2680794622_3aaabeed28_o.jpg,0022/511190226_80ac967026_o.jpg
490,train,0022/2969975182_99836bf589_o.jpg,0022/2652866084_f528569160_o.jpg
491,train,0015/3078761689_0b420051be_o.jpg,0015/275487465_7c3950ece9_o.jpg
492,test,0022/180148567_2878b6b1b8_o.jpg,0022/307038065_5e0909f0df_o.jpg
493,train,0022/2037422488_c0494eecc0_o.jpg,0022/2036623941_de0d6f6507_o.jpg
494,train,0015/4142908691_3884438815_o.jpg,0015/4143668500_4d10ec3fc6_o.jpg
495,train,0022/312974599_28ec5e540d_o.jpg,0022/571948884_d50606eca5_o.jpg
496,val,0022/441847585_4066c9b34b_o.jpg,0022/3113891455_b62694879a_o.jpg
497,train,0015/2957001157_502eef457c_o.jpg,0015/3305213780_e460e68085_o.jpg
498,val,0015/3008979244_8b871a9a9b_o.jpg,0015/3480270595_61e9118a00_o.jpg
499,train,0022/2051129170_37712f7e1a_o.jpg,0022/1021716875_4feb03a922_o.jpg
500,train,0015/3158214253_16b5194f70_o.jpg,0015/1162164006_4b2185f4e7_o.jpg
501,train,0022/2362913557_5e02e49df8_o.jpg,0022/2366334289_8b29371e78_o.jpg
502,test,0015/143983789_f030e8f660_o.jpg,0015/2960579238_7ba551628b_o.jpg
503,train,0015/312805622_a59767daaa_o.jpg,0015/3729218862_e3075a422c_o.jpg
504,train,0015/549917433_99b38abc41_o.jpg,0015/3297736834_f5e113e015_o.jpg
505,train,0015/3018384583_98264ff1fd_o.jpg,0015/2993494960_fbb5616487_o.jpg
506,train,0015/50646217_c352086389_o.jpg,0015/1349576135_91cfa7d80a_o.jpg
507,train,0015/1017541041_394e9f81d4_o.jpg,0015/389637286_3f18f449c8_o.jpg
508,test,0015/3563524378_1c6d70bee9_o.jpg,0015/2761597789_e2faa6e53b_o.jpg
509,val,0022/182339698_1617d74525_o.jpg,0022/2362913557_5e02e49df8_o.jpg
510,test,0022/1141008993_b00c2d9b58_o.jpg,0022/624541762_1ee0e1980a_o.jpg
511,val,0015/3602436699_8ae57299b4_o.jpg,0015/266892564_fa69a66137_o.jpg
512,val,0022/623690633_7e3925a8e2_o.jpg,0022/2084262802_055f72f7c0_o.jpg
513,train,0022/1339763830_9ff03441de_o.jpg,0022/543475925_f32587de1a_o.jpg
514,train,0015/2723173980_4d038e97aa_o.jpg,0015/3055102674_e0f4580ae9_o.jpg
515,val,0022/2476618452_cd1ff6ae4e_o.jpg,0022/571948884_d50606eca5_o.jpg
516,train,0015/165037599_384664d36d_o.jpg,0015/165053549_faaef36887_o.jpg
517,val,0015/1307424764_836bfa2f6b_o.jpg,0015/2297788512_6d09de6efa_o.jpg
518,train,0022/2857276908_f463cc233d_o.jpg,0022/1482386547_639cb52ac5_o.jpg
519,train,0015/3519412089_18daa2c071_o.jpg,0015/3481071716_52e34ed500_o.jpg
520,test,0022/2941542538_0f61a1959c_o.jpg,0022/2811690874_f500d83335_o.jpg
521,val,0022/1297970126_ca9334c242_o.jpg,0022/3866521455_e50c66d51e_o.jpg
522,train,0022/3920990360_9ffa68b3db_o.jpg,0022/1173748728_f5d01ef6ef_o.jpg
523,train,0022/3856321319_4cbe0e4ef0_o.jpg,0022/3771535614_a92fcf05a3_o.jpg
524,test,0015/3016357975_e207c12959_o.jpg,0015/214071913_6a7920349d_o.jpg
525,train,0015/3098177275_849e470188_o.jpg,0015/214071146_7da52d8dc0_o.jpg
526,train,0022/248502922_dd284cc7b7_o.jpg,0022/1482387239_eeeb02aa48_o.jpg
527,train,0015/2961365335_8c1d232d57_o.jpg,0015/3413562125_0d7102a94a_o.jpg
528,train,0015/2717936641_b15325a1d6_o.jpg,0015/2957001157_502eef457c_o.jpg
529,train,0015/4171014767_0fe879b783_o.jpg,0015/2438726530_a256dcf5bc_o.jpg
530,train,0022/2703388797_3c4dc9cff7_o.jpg,0022/1482387239_eeeb02aa48_o.jpg
531,train,0015/3098177275_849e470188_o.jpg,0015/2493137906_10a2f6b1b6_o.jpg
532,train,0022/1244153832_b3168a7a9b_o.jpg,0022/215056963_d7d203ba73_o.jpg
533,train,0015/2993494960_fbb5616487_o.jpg,0015/2696027842_b39dd9a58e_o.jpg
534,train,0015/205993994_6969ba4619_o.jpg,0015/2960579238_7ba551628b_o.jpg
535,train,0022/2112336447_e3c53d8285_o.jpg,0022/749377193_506da149f0_o.jpg
536,train,0015/2695220557_acffd8b032_o.jpg,0015/2073853679_f35bb29c49_o.jpg
537,val,0015/3296908777_5b9665798e_o.jpg,0015/160045183_bfea1204a5_o.jpg
538,train,0015/1091880705_b783893319_o.jpg,0015/325576817_bd8d9843c0_o.jpg
539,train,0015/214071913_6a7920349d_o.jpg,0015/2709820376_ae3debf8b1_o.jpg
540,test,0022/2508509466_989c3d0719_o.jpg,0022/2704204608_ac8406d85b_o.jpg
541,train,0022/1247003203_b554be0557_o.jpg,0022/402463125_91cc1dbc9e_o.jpg
542,train,0022/2652035923_3a9d2c41f6_o.jpg,0022/2962496586_de82810c4d_o.jpg
543,train,0022/3098461719_81a348b293_o.jpg,0022/2933185848_6afb0358ca_o.jpg
544,train,0022/2142521640_9a08bee026_o.jpg,0022/3807007505_da137a5cb3_o.jpg
545,train,0015/399364960_845892e7d7_o.jpg,0015/2297641518_b9fa482bd5_o.jpg
546,val,0015/519467706_cec0e967a5_o.jpg,0015/3323430963_ed57f87dcb_o.jpg
547,train,0022/2849320555_1a68b4f675_o.jpg,0022/3918549631_bc2e969aa1_o.jpg
548,train,0015/3563524378_1c6d70bee9_o.jpg,0015/2979505208_68bf32c5c6_o.jpg
549,train,0022/2508509466_989c3d0719_o.jpg,0022/2768552610_4f85133135_o.jpg
550,val,0022/3640457694_97729a6b55_o.jpg,0022/1729347662_ab1101fc98_o.jpg
551,train,0022/106707051_251e89b83a_o.jpg,0022/182339698_1617d74525_o.jpg
552,train,0022/402461674_fd8ac69701_o.jpg,0022/2414005003_b333776c67_o.jpg
553,train,0022/310584686_0965d00b4c_o.jpg,0022/2408990133_586daf29fa_o.jpg
554,train,0015/3044000961_9a22c3912b_o.jpg,0015/350643726_b111d662de_o.jpg
555,train,0022/2036623941_de0d6f6507_o.jpg,0022/3809929159_2c4feb399b_o.jpg
556,test,0022/3728317133_5870505e4e_o.jpg,0022/623679181_9ad04788ff_o.jpg
557,train,0022/3106463411_710199120e_o.jpg,0022/402469101_b81b00ff34_o.jpg
558,train,0015/3602433917_f463ce87ae_o.jpg,0015/3159096518_744c87899e_o.jpg
559,val,0022/2490982581_084455e576_o.jpg,0022/493639419_213c736a33_o.jpg
560,train,0022/2471038195_04eaaf0957_o.jpg,0022/811811542_eeb124391a_o.jpg
561,train,0015/2545457258_e9f30df186_o.jpg,0015/3511130064_16059fefec_o.jpg
562,test,0022/513609821_a7cf65b631_o.jpg,0022/3728317133_5870505e4e_o.jpg
563,test,0015/3017173460_ab03751ac5_o.jpg,0015/2695220557_acffd8b032_o.jpg
564,test,0022/312833324_fa472f029f_o.jpg,0022/2570012420_27076fbd27_o.jpg
565,test,0022/2971339027_c23b9761a9_o.jpg,0022/1482387239_eeeb02aa48_o.jpg
566,train,0015/841149791_2ae77144de_o.jpg,0015/2281581496_dfd0300cee_o.jpg
567,train,0022/2418898447_014cb125cd_o.jpg,0022/2915742289_437fe431a1_o.jpg
568,train,0015/3158214253_16b5194f70_o.jpg,0015/2545457258_e9f30df186_o.jpg
569,val,0015/4143668500_4d10ec3fc6_o.jpg,0015/310568830_48c3add89d_o.jpg
570,train,0022/2112336447_e3c53d8285_o.jpg,0022/2971339027_c23b9761a9_o.jpg
571,train,0015/3282123316_5b425db7a5_o.jpg,0015/3055019980_717f603170_o.jpg
572,train,0022/2941541684_6b0283a313_o.jpg,0022/12003890_f6c899bec0_o.jpg
573,train,0022/3395188399_c4be0555c7_o.jpg,0022/2244694791_ec4eee64cc_o.jpg
574,val,0022/2508509466_989c3d0719_o.jpg,0022/3866520701_0a34d3e614_o.jpg
575,train,0015/3314768535_18f35875cb_o.jpg,0015/330736595_6ee3e97748_o.jpg
576,train,0022/3728287955_47fcb1b1be_o.jpg,0022/1267466765_a9f3a559cc_o.jpg
577,test,0022/3845128120_533dd61a3c_o.jpg,0022/3122827506_c9c0b423d7_o.jpg
578,train,0022/366870221_9911d9f247_o.jpg,0022/2899024525_d3c7b3b33c_o.jpg
579,train,0022/3352505021_0d562a40e5_o.jpg,0022/3353331098_88b2151710_o.jpg
580,val,0022/733459890_6209f79181_o.jpg,0022/2711032567_4c76f90cd2_o.jpg
581,train,0015/3519412089_18daa2c071_o.jpg,0015/3612645118_e1288c22d9_o.jpg
582,train,0015/2152097903_afd5ff9ce6_o.jpg,0015/2419051977_2fb8a8981c_o.jpg
583,train,0015/2073853679_f35bb29c49_o.jpg,0015/389635223_1213f76125_o.jpg
584,train,0022/3106463411_710199120e_o.jpg,0022/2652033471_c0307f308a_o.jpg
585,train,0022/2164161194_78c0f1db3d_o.jpg,0022/3296298959_2bdd857a2e_o.jpg
586,val,0015/2812251450_919bb5b0ac_o.jpg,0015/492130269_796b5bf602_o.jpg
587,train,0015/3658689893_7a410fce78_o.jpg,0015/144245474_d030ef9e44_o.jpg
588,train,0022/1964809378_227cd089c2_o.jpg,0022/2941541684_6b0283a313_o.jpg
589,train,0022/2142521640_9a08bee026_o.jpg,0022/402460163_ef84079e29_o.jpg
590,train,0022/83606285_950fba64a6_o.jpg,0022/2036623941_de0d6f6507_o.jpg
591,train,0022/465433915_fb097fed94_o.jpg,0022/2811690874_f500d83335_o.jpg
592,test,0022/2680794622_3aaabeed28_o.jpg,0022/2835662202_e78930604d_o.jpg
593,train,0022/2142521640_9a08bee026_o.jpg,0022/3353330026_1c0b8f51d9_o.jpg
594,train,0022/2142521640_9a08bee026_o.jpg,0022/3920216155_37cd0de0c1_o.jpg
595,train,0015/3228510319_5901f7015b_o.jpg,0015/2429046426_eddd69687b_o.jpg
596,train,0015/167170681_0e5c42fd21_o.jpg,0015/3536283854_f6386dd610_o.jpg
597,train,0015/878862078_2b0413ca9c_o.jpg,0015/1283321355_191a081149_o.jpg
598,train,0015/350639788_462a038755_o.jpg,0015/312805622_a59767daaa_o.jpg
599,train,0022/1297118643_00029e6b3e_o.jpg,0022/571948884_d50606eca5_o.jpg
600,test,0022/479390531_a237b6b5f4_o.jpg,0022/3000069809_27ed19a143_o.jpg
601,train,0015/399366437_93d93efe8f_o.jpg,0015/2362907762_bb9469a630_o.jpg
602,train,0022/402463125_91cc1dbc9e_o.jpg,0022/312833485_22ee68d0a8_o.jpg
603,train,0015/4142927941_86ae5c2067_o.jpg,0015/214071146_7da52d8dc0_o.jpg
604,train,0015/3724201875_22dba7955f_o.jpg,0015/2950639495_44c0edce3e_o.jpg
605,train,0022/307037213_48891bca3e_o.jpg,0022/307036457_51029c5b2b_o.jpg
606,val,0022/388668445_834615eff6_o.jpg,0022/220383979_353deb41d6_o.jpg
607,train,0022/499638494_0f44fd942e_o.jpg,0022/2464628195_1a5936f331_o.jpg
608,test,0015/3314768785_ea97df3141_o.jpg,0015/1653184071_319ae7bc4c_o.jpg
609,train,0022/3719706373_1181658e8a_o.jpg,0022/2800606519_9677fbf50a_o.jpg
610,train,0022/3029904005_575106f395_o.jpg,0022/2473048325_239578c0a9_o.jpg
611,train,0015/2695196801_a0189918e9_o.jpg,0015/3423366060_15b0096bb1_o.jpg
612,test,0022/3098461719_81a348b293_o.jpg,0022/2414005003_b333776c67_o.jpg
613,train,0022/453068332_a802fc9422_o.jpg,0022/1297983720_1baf4bb6e1_o.jpg
614,train,0022/2635957049_db6f8e338e_o.jpg,0022/2820611379_14621fbb71_o.jpg
615,train,0015/3053356730_771cf031ac_o.jpg,0015/91859233_136e683590_o.jpg
616,train,0022/2517232272_b2e66f5024_o.jpg,0022/2377284574_dcf50dc5c7_o.jpg
617,train,0022/869156515_c1ddd038e9_o.jpg,0022/3753882687_3de345ca4f_o.jpg
618,train,0022/180148567_2878b6b1b8_o.jpg,0022/215056963_d7d203ba73_o.jpg
619,train,0015/1017541041_394e9f81d4_o.jpg,0015/205993994_6969ba4619_o.jpg
620,train,0022/2675714713_c4e4746967_o.jpg,0022/2112336447_e3c53d8285_o.jpg
621,train,0022/2142521640_9a08bee026_o.jpg,0022/511214139_209b73f9eb_o.jpg
622,train,0015/4171014767_0fe879b783_o.jpg,0015/2716363973_0e6e3c3579_o.jpg
623,val,0022/2084262802_055f72f7c0_o.jpg,0022/2468315471_52ef5e8034_o.jpg
624,train,0015/170804731_6bf4fbecd4_o.jpg,0015/2297788512_6d09de6efa_o.jpg
625,val,0015/519495813_f5888bacef_o.jpg,0015/2959733121_2a804e7d1c_o.jpg
626,train,0022/3570076837_f61eea5c3d_o.jpg,0022/3779206240_183352156b_o.jpg
627,test,0022/2142521640_9a08bee026_o.jpg,0022/312975294_154b7c3f96_o.jpg
628,train,0015/2696027842_b39dd9a58e_o.jpg,0015/2140428609_eecfae94d0_o.jpg
629,train,0022/2508509466_989c3d0719_o.jpg,0022/2448257341_657a198513_o.jpg
630,train,0022/2941542538_0f61a1959c_o.jpg,0022/3005321073_9e530414a4_o.jpg
631,train,0022/397758540_e2ec851183_o.jpg,0022/312974796_9fa21e1202_o.jpg
632,test,0015/2689679632_c545872fab_o.jpg,0015/2461826946_e3bdfaee10_o.jpg
633,val,0015/160045183_bfea1204a5_o.jpg,0015/4171014767_0fe879b783_o.jpg
634,train,0015/2419867400_bf98421d6c_o.jpg,0015/2175390292_555e644515_o.jpg
635,val,0022/1070377533_d043020b4f_o.jpg,0022/469515902_64871b681d_o.jpg
636,train,0022/2508509466_989c3d0719_o.jpg,0022/83606285_950fba64a6_o.jpg
637,train,0022/3866520701_0a34d3e614_o.jpg,0022/2768552610_4f85133135_o.jpg
638,train,0015/3180508595_1128ea7157_o.jpg,0015/2493140852_fc39f2cfd1_o.jpg
639,val,0022/2652859146_cffaed26d8_o.jpg,0022/249915585_1c6fd2a91b_o.jpg
640,val,0015/270885805_cd14f37f72_o.jpg,0015/513784629_a73e267b94_o.jpg
641,test,0015/375694219_08f3ef71ee_o.jpg,0015/2152097903_afd5ff9ce6_o.jpg
642,test,0022/2814711330_caf820aefa_o.jpg,0022/2935762689_fa1c008191_o.jpg
643,train,0022/2142521640_9a08bee026_o.jpg,0022/3067114122_6a4fce3a55_o.jpg
644,train,0015/3602442955_5305b75580_o.jpg,0015/492130269_796b5bf602_o.jpg
645,test,0022/3455593447_101f1773fd_o.jpg,0022/312975025_9de688d87f_o.jpg
646,test,0015/3724201875_22dba7955f_o.jpg,0015/301589598_39710c03a0_o.jpg
647,test,0022/511248029_542f26462d_o.jpg,0022/325288797_537a42bb6f_o.jpg
648,test,0015/2716363973_0e6e3c3579_o.jpg,0015/2492310711_dd098e04b4_o.jpg
649,train,0022/3066270889_9fc44bae25_o.jpg,0022/1610927842_7027d5148d_o.jpg
650,train,0022/307037213_48891bca3e_o.jpg,0022/2490982581_084455e576_o.jpg
651,train,0022/391179592_a2a5e97709_o.jpg,0022/499638494_0f44fd942e_o.jpg
652,train,0015/375694219_08f3ef71ee_o.jpg,0015/2417420544_35c5823b26_o.jpg
653,val,0022/3568155965_27d02325bb_o.jpg,0022/3649143756_aca56a6328_o.jpg
654,train,0022/3918549631_bc2e969aa1_o.jpg,0022/2604830299_33a36b49e8_o.jpg
655,val,0015/897695523_1c1019be37_o.jpg,0015/2695220557_acffd8b032_o.jpg
656,val,0022/378952049_069b98faae_o.jpg,0022/365097267_68c2ec1b85_o.jpg
657,train,0022/307038065_5e0909f0df_o.jpg,0022/2344446722_e52163a10e_o.jpg
658,val,0015/3180508595_1128ea7157_o.jpg,0015/2087060047_320bbd3696_o.jpg
659,test,0015/275487465_7c3950ece9_o.jpg,0015/2868077621_79f4c04c43_o.jpg
660,train,0015/330734230_843d97598d_o.jpg,0015/1653713464_53b7d9f139_o.jpg
661,train,0022/3215409151_697a9ceeaf_o.jpg,0022/180148567_2878b6b1b8_o.jpg
662,train,0022/1469603948_0052cdbe5d_o.jpg,0022/3722427422_de83a590d7_o.jpg
663,test,0022/501918339_d71ec4ca56_o.jpg,0022/3779206240_183352156b_o.jpg
664,train,0022/2312738262_9e2cf897de_o.jpg,0022/3455352909_e6a7dc33d8_o.jpg
665,train,0022/3695852270_363135b69e_o.jpg,0022/2260071045_b89d71447f_o.jpg
666,train,0015/3563524378_1c6d70bee9_o.jpg,0015/2492313401_4e912ecf9a_o.jpg
667,train,0015/4174108353_20422632d6_o.jpg,0015/2303006132_e8c635902c_o.jpg
668,train,0022/2142521640_9a08bee026_o.jpg,0022/2377284574_dcf50dc5c7_o.jpg
669,train,0015/3968509319_096d953be0_o.jpg,0015/2362907762_bb9469a630_o.jpg
670,train,0022/2085380530_7d798c07a1_o.jpg,0022/3722427356_6fee2b7349_o.jpg
671,train,0022/2652035923_3a9d2c41f6_o.jpg,0022/3722427422_de83a590d7_o.jpg
672,train,0022/2142521640_9a08bee026_o.jpg,0022/511224274_b5bc4c7e8f_o.jpg
673,train,0022/811811542_eeb124391a_o.jpg,0022/624541762_1ee0e1980a_o.jpg
674,train,0022/2941542538_0f61a1959c_o.jpg,0022/2807466317_f7521c4948_o.jpg
675,train,0015/3103619104_4b7b5d04de_o.jpg,0015/3485283391_ffc62657fd_o.jpg
676,train,0022/205952270_e61056f818_o.jpg,0022/493639419_213c736a33_o.jpg
677,train,0022/217452221_f1a497fac2_o.jpg,0022/3866520701_0a34d3e614_o.jpg
678,train,0015/2876332116_d90384ab69_o.jpg,0015/29307281_d7872975e2_o.jpg
679,train,0022/3728287955_47fcb1b1be_o.jpg,0022/2523305319_f42a537f61_o.jpg
680,train,0022/465433915_fb097fed94_o.jpg,0022/3189445523_abe1978588_o.jpg
681,test,0022/2508509272_d3f29d064b_o.jpg,0022/312974796_9fa21e1202_o.jpg
682,train,0022/3216263284_1c2f358e5a_o.jpg,0022/624570534_077746f40c_o.jpg
683,test,0022/2516412779_d7554661b5_o.jpg,0022/402469101_b81b00ff34_o.jpg
684,val,0022/397757928_398f9026e8_o.jpg,0022/2704216294_dac7a931a4_o.jpg
685,val,0022/2733554986_0a14f3a94d_o.jpg,0022/2969108583_6965816aaf_o.jpg
686,test,0022/4295408049_a11a64958d_o.jpg,0022/1469603948_0052cdbe5d_o.jpg
687,val,0022/3729107210_b15b793674_o.jpg,0022/4123974337_76b3c24fef_o.jpg
688,train,0022/670515494_2b585ee09a_o.jpg,0022/215056963_d7d203ba73_o.jpg
689,val,0022/511248029_542f26462d_o.jpg,0022/2969975182_99836bf589_o.jpg
690,val,0015/205993922_4ad25ed386_o.jpg,0015/170804731_6bf4fbecd4_o.jpg
691,train,0015/3602433917_f463ce87ae_o.jpg,0015/2493140292_11ed1a4a7b_o.jpg
692,train,0022/310584686_0965d00b4c_o.jpg,0022/811811542_eeb124391a_o.jpg
693,train,0015/3819243606_7acfaf85dd_o.jpg,0015/2609404743_a9e564f088_o.jpg
694,train,0022/453068332_a802fc9422_o.jpg,0022/2652866084_f528569160_o.jpg
695,train,0015/2362907762_bb9469a630_o.jpg,0015/3480265591_02fd1d7f7e_o.jpg
696,val,0022/2066614418_5a70705407_o.jpg,0022/2070556147_a34ef98774_o.jpg
697,train,0022/433892710_09d0fce291_o.jpg,0022/2464627575_604e98f303_o.jpg
698,test,0015/1948510225_f88f292e3f_o.jpg,0015/2696027842_b39dd9a58e_o.jpg
699,test,0015/549917433_99b38abc41_o.jpg,0015/389637286_3f18f449c8_o.jpg
700,train,0015/897738229_3e059f9539_o.jpg,0015/2144092284_8a5198a473_o.jpg
701,train,0022/3352505021_0d562a40e5_o.jpg,0022/2814711330_caf820aefa_o.jpg
702,test,0022/365097267_68c2ec1b85_o.jpg,0022/448213417_4617fba0ea_o.jpg
703,val,0015/519495813_f5888bacef_o.jpg,0015/3827640857_c93cdfb501_o.jpg
704,train,0015/3747061904_49a960dc8c_o.jpg,0015/267072932_723f4483c0_o.jpg
705,train,0022/3106463411_710199120e_o.jpg,0022/2517232272_b2e66f5024_o.jpg
706,train,0022/2361565083_e869171135_o.jpg,0022/733142349_2629104772_o.jpg
707,train,0015/2423039455_2c0e80fcaf_o.jpg,0015/423966189_a67818f8c4_o.jpg
708,train,0022/3106463411_710199120e_o.jpg,0022/2061699781_635e1d9c9f_o.jpg
709,test,0022/3030755654_3d5ec40ca4_o.jpg,0022/1247003203_b554be0557_o.jpg
710,train,0015/3877294130_8f0a096dbd_o.jpg,0015/4143668500_4d10ec3fc6_o.jpg
711,train,0022/2353199691_728747427f_o.jpg,0022/2362913557_5e02e49df8_o.jpg
712,train,0022/3005321073_9e530414a4_o.jpg,0022/3728317133_5870505e4e_o.jpg
713,train,0022/479390531_a237b6b5f4_o.jpg,0022/2857276908_f463cc233d_o.jpg
714,train,0015/2467874196_fdb349e54c_o.jpg,0015/2696027842_b39dd9a58e_o.jpg
715,train,0015/3413561689_e61d0c7cde_o.jpg,0015/3413562125_0d7102a94a_o.jpg
716,train,0022/366870221_9911d9f247_o.jpg,0022/2385889720_b7d00c42f6_o.jpg
717,train,0015/3158214253_16b5194f70_o.jpg,0015/167170681_0e5c42fd21_o.jpg
718,train,0015/2535770779_79e5005338_o.jpg,0015/492130269_796b5bf602_o.jpg
719,test,0022/511190226_80ac967026_o.jpg,0022/2085380530_7d798c07a1_o.jpg
720,train,0015/3747093636_a602197465_o.jpg,0015/275604789_5295436922_o.jpg
721,train,0015/3413545761_535151c7b5_o.jpg,0015/2144111378_4716e481a7_o.jpg
722,train,0022/2082536149_8253c1d62f_o.jpg,0022/2932843632_46fb72d8d2_o.jpg
723,train,0022/1246999913_f034722c7b_o.jpg,0022/2851715724_65ba8475ed_o.jpg
724,train,0022/3722427356_6fee2b7349_o.jpg,0022/501186144_fa7a31146e_o.jpg
725,test,0022/1411860536_45b1c02e2f_o.jpg,0022/2385799359_5eafaf9739_o.jpg
726,val,0022/312975025_9de688d87f_o.jpg,0022/115118203_4dca77c8c5_o.jpg
727,train,0022/3268325681_12e8da16a5_o.jpg,0022/3596014709_d7c51e1e77_o.jpg
728,train,0015/3182244552_6b2b1a66c4_o.jpg,0015/3103619104_4b7b5d04de_o.jpg
729,test,0015/370516634_5c74ecd7c2_o.jpg,0015/513784629_a73e267b94_o.jpg
730,train,0015/297924462_822756e234_o.jpg,0015/2703619605_b42ac4085e_o.jpg
731,train,0022/2919404063_e9bf98a6cb_o.jpg,0022/3005321073_9e530414a4_o.jpg
732,train,0022/2541218468_a70d8e4860_o.jpg,0022/2865061552_20756d886a_o.jpg
733,train,0022/2971339027_c23b9761a9_o.jpg,0022/1021716875_4feb03a922_o.jpg
734,train,0022/2642193090_8f2c7bf55f_o.jpg,0022/2353200121_2053041d96_o.jpg
735,train,0022/811811542_eeb124391a_o.jpg,0022/2704221874_65afda36c8_o.jpg
736,train,0022/3686652357_54392802f0_o.jpg,0022/3716502296_4c5b83c3e8_o.jpg
737,train,0022/3899406056_3dfd5b4ab6_o.jpg,0022/469515902_64871b681d_o.jpg
738,train,0022/2652859146_cffaed26d8_o.jpg,0022/2066614418_5a70705407_o.jpg
739,train,0015/2791999455_2324a339c5_o.jpg,0015/2438726530_a256dcf5bc_o.jpg
740,val,0015/404000070_24067007de_o.jpg,0015/389635223_1213f76125_o.jpg
741,train,0022/2875057485_c8e25315e8_o.jpg,0022/2732702365_063c4832b0_o.jpg
742,test,0022/2865061552_20756d886a_o.jpg,0022/772882575_37ff22c631_o.jpg
743,train,0015/3602442955_5305b75580_o.jpg,0015/205993994_6969ba4619_o.jpg
744,train,0022/2940921287_77326cef0c_o.jpg,0022/2604633667_ccfa68a6b2_o.jpg
745,train,0022/2036623941_de0d6f6507_o.jpg,0022/3464140746_a8e34df568_o.jpg
746,train,0015/2696052764_9a2716f136_o.jpg,0015/2761597789_e2faa6e53b_o.jpg
747,test,0015/2959733121_2a804e7d1c_o.jpg,0015/389635223_1213f76125_o.jpg
748,test,0022/1297117943_127148ed21_o.jpg,0022/1297114449_44c7553045_o.jpg
749,val,0015/1969087925_0f439b6bc7_o.jpg,0015/4142908691_3884438815_o.jpg
750,train,0022/66304037_fc4bfdc192_o.jpg,0022/2164387434_9b9d5a995c_o.jpg
751,test,0015/2609404743_a9e564f088_o.jpg,0015/3078761689_0b420051be_o.jpg
752,train,0022/402463125_91cc1dbc9e_o.jpg,0022/24655383_ba1f244885_o.jpg
753,val,0015/3485283391_ffc62657fd_o.jpg,0015/3056331888_e7f4c11bb3_o.jpg
754,train,0015/2879331870_385d8c8dc4_o.jpg,0015/3612636980_590b713557_o.jpg
755,train,0022/2142521640_9a08bee026_o.jpg,0022/2884030785_6b772c2c97_o.jpg
756,train,0015/2419051977_2fb8a8981c_o.jpg,0015/399366437_93d93efe8f_o.jpg
757,train,0022/2854678489_96251db6e8_o.jpg,0022/2927309780_0aca5feae8_o.jpg
758,val,0022/2642193090_8f2c7bf55f_o.jpg,0022/682380222_461eca30fd_o.jpg
759,train,0022/2835868540_572241d9f7_o.jpg,0022/2471038195_04eaaf0957_o.jpg
760,train,0015/330736595_6ee3e97748_o.jpg,0015/473673123_7a024d74c7_o.jpg
761,val,0015/518362793_913de7afca_o.jpg,0015/1418151182_773fd15089_o.jpg
762,train,0022/310584686_0965d00b4c_o.jpg,0022/2061699781_635e1d9c9f_o.jpg
763,test,0015/389635453_56b927cfe2_o.jpg,0015/2911790895_78462766e5_o.jpg
764,train,0022/140882320_e0be63682a_o.jpg,0022/2757260812_6fa31d60f0_o.jpg
765,train,0022/3406090453_bfeb6c40d0_o.jpg,0022/1297112213_64e94ffcbb_o.jpg
766,test,0022/391017899_2a67c43613_o.jpg,0022/3753882687_3de345ca4f_o.jpg
767,train,0022/2605465116_514cae62d5_o.jpg,0022/3464140746_a8e34df568_o.jpg
768,val,0022/2652035923_3a9d2c41f6_o.jpg,0022/887548107_602867e1a3_o.jpg
769,test,0022/2448257341_657a198513_o.jpg,0022/760865316_8d75d07010_o.jpg
770,train,0022/402463701_1a6453caf2_o.jpg,0022/2652033471_c0307f308a_o.jpg
771,train,0022/3406090453_bfeb6c40d0_o.jpg,0022/448213417_4617fba0ea_o.jpg
772,train,0015/297915079_448359e91c_o.jpg,0015/4001663691_8460da38bb_o.jpg
773,val,0015/3018466005_9b0df76317_o.jpg,0015/841149791_2ae77144de_o.jpg
774,train,0022/2562071155_eb2473b5c5_o.jpg,0022/2768552610_4f85133135_o.jpg
775,test,0022/2083320884_93dc970645_o.jpg,0022/2164387434_9b9d5a995c_o.jpg
776,test,0022/270064289_6ba2b89fac_o.jpg,0022/2652866084_f528569160_o.jpg
777,train,0022/2142521640_9a08bee026_o.jpg,0022/2694323455_e7e97f0247_o.jpg
778,train,0022/2635957049_db6f8e338e_o.jpg,0022/312833121_2f508ab4b0_o.jpg
779,test,0022/2562895246_0fd38ee3f2_o.jpg,0022/269327741_4fdf4f92aa_o.jpg
780,train,0022/3807007505_da137a5cb3_o.jpg,0022/3000069809_27ed19a143_o.jpg
781,train,0022/2508509466_989c3d0719_o.jpg,0022/479390531_a237b6b5f4_o.jpg
782,train,0022/2969129627_e8c1be55f3_o.jpg,0022/869156515_c1ddd038e9_o.jpg
783,train,0022/3005321073_9e530414a4_o.jpg,0022/749377193_506da149f0_o.jpg
784,val,0015/3016333021_fa27e3dd22_o.jpg,0015/144245474_d030ef9e44_o.jpg
785,train,0015/519495813_f5888bacef_o.jpg,0015/3480270595_61e9118a00_o.jpg
786,train,0015/164326891_8a88269821_o.jpg,0015/2696027842_b39dd9a58e_o.jpg
787,train,0022/3395188399_c4be0555c7_o.jpg,0022/3030755654_3d5ec40ca4_o.jpg
788,train,0022/2689006333_4e96a6d7e4_o.jpg,0022/3228491666_a4457231e3_o.jpg
789,val,0015/548538441_7e091ac4aa_o.jpg,0015/2461826946_e3bdfaee10_o.jpg
790,val,0015/3819243606_7acfaf85dd_o.jpg,0015/479605349_8aa68e066d_o.jpg
791,test,0022/2652866084_f528569160_o.jpg,0022/2070556147_a34ef98774_o.jpg
792,train,0022/513584597_090f2cd7fb_o.jpg,0022/513554100_6b9b6bd239_o.jpg
793,train,0015/3536283854_f6386dd610_o.jpg,0015/2297641518_b9fa482bd5_o.jpg
794,test,0015/3968509319_096d953be0_o.jpg,0015/2993494960_fbb5616487_o.jpg
795,test,0022/1482386547_639cb52ac5_o.jpg,0022/2141792513_5f99aed5d2_o.jpg
796,train,0022/1482386547_639cb52ac5_o.jpg,0022/887548107_602867e1a3_o.jpg
797,val,0022/248502922_dd284cc7b7_o.jpg,0022/3778401647_c446f4bcc4_o.jpg
798,train,0015/897695523_1c1019be37_o.jpg,0015/3158214253_16b5194f70_o.jpg
799,train,0022/2516964254_b7eb465903_o.jpg,0022/325288666_e5a21a444a_o.jpg
800,val,0022/2635957049_db6f8e338e_o.jpg,0022/3000069809_27ed19a143_o.jpg
801,val,0015/2218790327_ac17c020ef_o.jpg,0015/2087060047_320bbd3696_o.jpg
802,train,0022/2293073399_db7bcf97fd_o.jpg,0022/2704204608_ac8406d85b_o.jpg
803,train,0015/1854577098_3c153ba705_o.jpg,0015/2218788515_34db1b55c4_o.jpg
804,test,0015/1949239530_e4b06e6181_o.jpg,0015/399364960_845892e7d7_o.jpg
805,test,0022/511190870_be3e66427c_o.jpg,0022/3568956904_f156634a3e_o.jpg
806,train,0015/3563521844_bd5ce418e9_o.jpg,0015/404000187_3528f37924_o.jpg
807,train,0022/402463125_91cc1dbc9e_o.jpg,0022/2523305319_f42a537f61_o.jpg
808,train,0022/1433639911_6088e4c46d_o.jpg,0022/2062085717_4e24c091dc_o.jpg
809,train,0015/2467874196_fdb349e54c_o.jpg,0015/2545457258_e9f30df186_o.jpg
810,train,0022/3149949081_854563169e_o.jpg,0022/2811690874_f500d83335_o.jpg
811,train,0022/2362396430_22bb0d9f43_o.jpg,0022/2933185848_6afb0358ca_o.jpg
812,train,0015/62688623_17b5de833a_o.jpg,0015/448295385_1f1e986ff1_o.jpg
813,train,0022/2835662202_e78930604d_o.jpg,0022/330139334_2cdba7c08d_o.jpg
814,train,0022/3920987420_b69f885b96_o.jpg,0022/511224274_b5bc4c7e8f_o.jpg
815,test,0022/152275651_2a82fe4938_o.jpg,0022/2385799359_5eafaf9739_o.jpg
816,train,0022/772882575_37ff22c631_o.jpg,0022/1170878322_310db63782_o.jpg
817,train,0015/2812251450_919bb5b0ac_o.jpg,0015/2325836121_e85dbb6f79_o.jpg
818,train,0015/2696027842_b39dd9a58e_o.jpg,0015/3602442955_5305b75580_o.jpg
819,train,0015/570188204_952af377b3_o.jpg,0015/370516634_5c74ecd7c2_o.jpg
820,train,0022/482418570_c6e4f7b980_o.jpg,0022/3113891455_b62694879a_o.jpg
821,val,0022/3456174002_40683e177e_o.jpg,0022/2398257186_799b24701d_o.jpg
822,val,0015/138728131_7b2091047c_o.jpg,0015/345822933_b5fb7b6feb_o.jpg
823,train,0015/2387318672_0f9986d347_o.jpg,0015/3602433917_f463ce87ae_o.jpg
824,train,0022/2377284574_dcf50dc5c7_o.jpg,0022/669343374_c2f003a92d_o.jpg
825,train,0022/1225631066_223f43c5ff_o.jpg,0022/3778401647_c446f4bcc4_o.jpg
826,train,0015/3206255109_c13eacc5ee_o.jpg,0015/330734230_843d97598d_o.jpg
827,val,0015/2695220557_acffd8b032_o.jpg,0015/2281581496_dfd0300cee_o.jpg
828,train,0022/2142521640_9a08bee026_o.jpg,0022/3722427356_6fee2b7349_o.jpg
829,train,0022/2517231598_d94ffc3469_o.jpg,0022/2051129170_37712f7e1a_o.jpg
830,val,0022/388668445_834615eff6_o.jpg,0022/106707051_251e89b83a_o.jpg
831,test,0022/397758540_e2ec851183_o.jpg,0022/2066614418_5a70705407_o.jpg
832,train,0022/3228491666_a4457231e3_o.jpg,0022/3228491558_af70759fef_o.jpg
833,val,0022/3866521455_e50c66d51e_o.jpg,0022/2768552610_4f85133135_o.jpg
834,train,0022/2635957049_db6f8e338e_o.jpg,0022/3753905083_1ebdcb42fd_o.jpg
835,test,0022/511190226_80ac967026_o.jpg,0022/2916597554_bc218c25de_o.jpg
836,train,0015/2364083476_4263241831_o.jpg,0015/2505812706_c3063bbd42_o.jpg
837,val,0022/3149953753_c1bc603d25_o.jpg,0022/2084262802_055f72f7c0_o.jpg
838,train,0015/143983789_f030e8f660_o.jpg,0015/138728131_7b2091047c_o.jpg
839,train,0022/248502791_8c6607a333_o.jpg,0022/1411860536_45b1c02e2f_o.jpg
840,test,0015/478697621_413a7b66fb_o.jpg,0015/1418151182_773fd15089_o.jpg
841,train,0015/2087061093_e736a18497_o.jpg,0015/3305213780_e460e68085_o.jpg
842,train,0022/995756054_aa7eed5d5c_o.jpg,0022/3215409151_697a9ceeaf_o.jpg
843,train,0022/1029331258_f91df71f67_o.jpg,0022/3556251720_3b126667d4_o.jpg
844,train,0022/3179491696_7750fa951d_o.jpg,0022/2652035923_3a9d2c41f6_o.jpg
845,train,0015/4002427398_a86e4a7e58_o.jpg,0015/370516634_5c74ecd7c2_o.jpg
846,train,0022/2643017231_726906d254_o.jpg,0022/318662650_88e3bc1fb6_o.jpg
847,train,0015/2505812706_c3063bbd42_o.jpg,0015/1799622532_323eda8feb_o.jpg
848,val,0022/3856321319_4cbe0e4ef0_o.jpg,0022/571948952_6247341d9f_o.jpg
849,train,0015/2423039455_2c0e80fcaf_o.jpg,0015/3563524378_1c6d70bee9_o.jpg
850,train,0022/2827725807_35c558a832_o.jpg,0022/172426821_1f1994d6ff_o.jpg
851,val,0015/2825304557_43d08b3807_o.jpg,0015/2429046426_eddd69687b_o.jpg
852,train,0022/2164161194_78c0f1db3d_o.jpg,0022/3771535614_a92fcf05a3_o.jpg
853,val,0022/3228491422_125c54910b_o.jpg,0022/3809929159_2c4feb399b_o.jpg
854,test,0022/3798990626_91b5cfb2f3_o.jpg,0022/670515494_2b585ee09a_o.jpg
855,train,0022/2899024525_d3c7b3b33c_o.jpg,0022/571948952_6247341d9f_o.jpg
856,test,0015/2150679996_fd2cd6339e_o.jpg,0015/330734230_843d97598d_o.jpg
857,train,0015/2959742731_9662970b15_o.jpg,0015/345822933_b5fb7b6feb_o.jpg
858,train,0015/205993922_4ad25ed386_o.jpg,0015/2874255043_f436b313fb_o.jpg
859,train,0015/2415924567_6272c06648_o.jpg,0015/375696071_1c3e63e9e3_o.jpg
860,test,0022/106707051_251e89b83a_o.jpg,0022/1434506947_8ab6f764f5_o.jpg
861,train,0022/3098461189_ebd1a9b463_o.jpg,0022/2451420617_566c473b04_o.jpg
862,train,0022/391017899_2a67c43613_o.jpg,0022/624570534_077746f40c_o.jpg
863,test,0015/2140428609_eecfae94d0_o.jpg,0015/2087061093_e736a18497_o.jpg
864,train,0022/2635957049_db6f8e338e_o.jpg,0022/2756999791_e60b86c78e_o.jpg
865,train,0022/2675714713_c4e4746967_o.jpg,0022/3464140746_a8e34df568_o.jpg
866,val,0015/492130269_796b5bf602_o.jpg,0015/2960579238_7ba551628b_o.jpg
867,train,0022/1297983720_1baf4bb6e1_o.jpg,0022/388599473_aa576a9202_o.jpg
868,train,0022/2083320884_93dc970645_o.jpg,0022/312974796_9fa21e1202_o.jpg
869,train,0022/2857276908_f463cc233d_o.jpg,0022/433892710_09d0fce291_o.jpg
870,test,0022/3675541387_f37b593a6c_o.jpg,0022/2523305319_f42a537f61_o.jpg
871,test,0015/3044000961_9a22c3912b_o.jpg,0015/3305213780_e460e68085_o.jpg
872,train,0022/2811690874_f500d83335_o.jpg,0022/2362913561_1b797b1035_o.jpg
873,train,0015/3078761689_0b420051be_o.jpg,0015/2492313401_4e912ecf9a_o.jpg
874,train,0015/2189792388_50f1cddf2a_o.jpg,0015/2248320068_7553a48263_o.jpg
875,train,0022/498853018_3003d31a2f_o.jpg,0022/3918549631_bc2e969aa1_o.jpg
876,val,0015/50646217_c352086389_o.jpg,0015/3885626944_ef7b25d477_o.jpg
877,val,0022/1170878020_5fb6e7c4e2_o.jpg,0022/501219352_e100164423_o.jpg
878,test,0022/3106463411_710199120e_o.jpg,0022/2385707020_fa1c526dc2_o.jpg
879,train,0015/2874255043_f436b313fb_o.jpg,0015/3755049023_a75385d1a5_o.jpg
880,val,0022/1894362691_eb9a72713f_o.jpg,0022/140882320_e0be63682a_o.jpg
881,train,0015/370516634_5c74ecd7c2_o.jpg,0015/2144101292_2e7ddae58e_o.jpg
882,train,0022/2293073399_db7bcf97fd_o.jpg,0022/13866250_56e0509621_o.jpg
883,test,0022/1170878020_5fb6e7c4e2_o.jpg,0022/624541762_1ee0e1980a_o.jpg
884,train,0022/2659011231_c2500b1b55_o.jpg,0022/3798990626_91b5cfb2f3_o.jpg
885,train,0015/2423039455_2c0e80fcaf_o.jpg,0015/91859233_136e683590_o.jpg
886,train,0022/2471038195_04eaaf0957_o.jpg,0022/325288797_537a42bb6f_o.jpg
887,train,0022/2689006333_4e96a6d7e4_o.jpg,0022/312974796_9fa21e1202_o.jpg
888,train,0022/3649143756_aca56a6328_o.jpg,0022/448211925_371108e85a_o.jpg
889,train,0022/3556251720_3b126667d4_o.jpg,0022/2085380530_7d798c07a1_o.jpg
890,train,0022/3098461719_81a348b293_o.jpg,0022/3005321073_9e530414a4_o.jpg
891,test,0015/3755049023_a75385d1a5_o.jpg,0015/345822933_b5fb7b6feb_o.jpg
892,train,0015/3016357975_e207c12959_o.jpg,0015/2419051977_2fb8a8981c_o.jpg
893,train,0022/2051129170_37712f7e1a_o.jpg,0022/1297982846_1b57131854_o.jpg
894,train,0022/2827725807_35c558a832_o.jpg,0022/2082536149_8253c1d62f_o.jpg
895,val,0022/1021716875_4feb03a922_o.jpg,0022/312975579_2d0c7ca8ab_o.jpg
896,val,0015/297915079_448359e91c_o.jpg,0015/3485283391_ffc62657fd_o.jpg
897,test,0015/29307281_d7872975e2_o.jpg,0015/3078761689_0b420051be_o.jpg
898,train,0015/423966189_a67818f8c4_o.jpg,0015/1349576135_91cfa7d80a_o.jpg
899,train,0015/1653980178_739b2794ed_o.jpg,0015/66518178_f9db888403_o.jpg
900,train,0015/3612645118_e1288c22d9_o.jpg,0015/1799622532_323eda8feb_o.jpg
901,train,0022/3722427422_de83a590d7_o.jpg,0022/2807466317_f7521c4948_o.jpg
902,val,0022/2850154144_8d6cc3f05f_o.jpg,0022/501186144_fa7a31146e_o.jpg
903,train,0015/275487465_7c3950ece9_o.jpg,0015/1951084910_bbe8292b8c_o.jpg
904,train,0015/2874255043_f436b313fb_o.jpg,0015/345822933_b5fb7b6feb_o.jpg
905,train,0022/1469603948_0052cdbe5d_o.jpg,0022/2687410724_2a4978e290_o.jpg
906,train,0022/2733554986_0a14f3a94d_o.jpg,0022/501186144_fa7a31146e_o.jpg
907,train,0022/1469603948_0052cdbe5d_o.jpg,0022/2704204608_ac8406d85b_o.jpg
908,train,0022/2916597554_bc218c25de_o.jpg,0022/2643019453_9f4842b989_o.jpg
909,train,0022/228519770_b3bf41b2fb_o.jpg,0022/2703388797_3c4dc9cff7_o.jpg
910,train,0015/3180508595_1128ea7157_o.jpg,0015/3159096518_744c87899e_o.jpg
911,val,0015/2150679996_fd2cd6339e_o.jpg,0015/3314768535_18f35875cb_o.jpg
912,train,0015/3182244552_6b2b1a66c4_o.jpg,0015/3323430963_ed57f87dcb_o.jpg
913,val,0022/248502791_8c6607a333_o.jpg,0022/2969129627_e8c1be55f3_o.jpg
914,train,0015/2390642358_6f35ba023d_o.jpg,0015/479605349_8aa68e066d_o.jpg
915,train,0022/3106463411_710199120e_o.jpg,0022/3474328127_ae0a053968_o.jpg
916,train,0015/3612636980_590b713557_o.jpg,0015/423966189_a67818f8c4_o.jpg
917,train,0022/2516964254_b7eb465903_o.jpg,0022/3113891455_b62694879a_o.jpg
918,train,0015/1479060879_85841216d3_o.jpg,0015/2144101292_2e7ddae58e_o.jpg
919,train,0022/3212305528_40225a17cf_o.jpg,0022/2415654069_7515075a87_o.jpg
920,val,0015/2376290325_1f10c6d2ce_o.jpg,0015/2609404743_a9e564f088_o.jpg
921,train,0015/2493137906_10a2f6b1b6_o.jpg,0015/214071913_6a7920349d_o.jpg
922,train,0022/1469603948_0052cdbe5d_o.jpg,0022/2895957790_0d008281b5_o.jpg
923,train,0022/2604633667_ccfa68a6b2_o.jpg,0022/1434506947_8ab6f764f5_o.jpg
924,train,0022/3067115420_7d71112615_o.jpg,0022/3067114122_6a4fce3a55_o.jpg
925,train,0022/1029331258_f91df71f67_o.jpg,0022/325288666_e5a21a444a_o.jpg
926,train,0015/473673123_7a024d74c7_o.jpg,0015/1357054806_316d0fe26a_o.jpg
927,val,0022/2441542594_87b8e6ab5b_o.jpg,0022/3553841868_b6ee93bf43_o.jpg
928,val,0015/2545457258_e9f30df186_o.jpg,0015/275487465_7c3950ece9_o.jpg
929,test,0022/388668440_9e847d374c_o.jpg,0022/3086324771_3ce6efba53_o.jpg
930,train,0015/3480265591_02fd1d7f7e_o.jpg,0015/66518178_f9db888403_o.jpg
931,train,0015/403999946_08c8353b8a_o.jpg,0015/3611827485_281ac6d564_o.jpg
932,train,0015/3485283391_ffc62657fd_o.jpg,0015/878855662_a241416cff_o.jpg
933,train,0015/375696071_1c3e63e9e3_o.jpg,0015/3603252064_1732668687_o.jpg
934,train,0015/2761597789_e2faa6e53b_o.jpg,0015/3563524378_1c6d70bee9_o.jpg
935,val,0015/487936202_fb73f4d598_o.jpg,0015/2961365335_8c1d232d57_o.jpg
936,train,0022/511248029_542f26462d_o.jpg,0022/760865316_8d75d07010_o.jpg
937,train,0022/3719706373_1181658e8a_o.jpg,0022/3000069809_27ed19a143_o.jpg
938,train,0022/2652035923_3a9d2c41f6_o.jpg,0022/2605465116_514cae62d5_o.jpg
939,train,0022/2508509466_989c3d0719_o.jpg,0022/2385799359_5eafaf9739_o.jpg
940,train,0022/12003890_f6c899bec0_o.jpg,0022/623679181_9ad04788ff_o.jpg
941,train,0022/402461674_fd8ac69701_o.jpg,0022/3464140746_a8e34df568_o.jpg
942,train,0022/2757260812_6fa31d60f0_o.jpg,0022/2464628195_1a5936f331_o.jpg
943,train,0022/513614819_6ce3416ad0_o.jpg,0022/513569120_9c7e4b3d7b_o.jpg
944,train,0022/2142521640_9a08bee026_o.jpg,0022/402460922_5ff257d9d9_o.jpg
945,train,0015/205993922_4ad25ed386_o.jpg,0015/62688997_a0cdebb0d1_o.jpg
946,train,0015/2791594059_6477917e8c_o.jpg,0015/310129573_eb686a9dc1_o.jpg
947,train,0015/2183181601_581f321c75_o.jpg,0015/297915079_448359e91c_o.jpg
948,train,0015/3603252064_1732668687_o.jpg,0015/91859233_136e683590_o.jpg
949,train,0022/3753905083_1ebdcb42fd_o.jpg,0022/1482387239_eeeb02aa48_o.jpg
950,train,0015/2429046426_eddd69687b_o.jpg,0015/2609404743_a9e564f088_o.jpg
951,test,0022/3568155965_27d02325bb_o.jpg,0022/3098461719_81a348b293_o.jpg
952,train,0015/519495813_f5888bacef_o.jpg,0015/205993994_6969ba4619_o.jpg
953,train,0022/3568155965_27d02325bb_o.jpg,0022/3568962714_42ea6f0785_o.jpg
954,test,0022/2469630935_47be8ab37a_o.jpg,0022/2933185848_6afb0358ca_o.jpg
955,test,0015/3315597110_2265a3ce06_o.jpg,0015/1854577098_3c153ba705_o.jpg
956,val,0022/501219352_e100164423_o.jpg,0022/2703388797_3c4dc9cff7_o.jpg
957,test,0022/1855586584_83d985d251_o.jpg,0022/2811690874_f500d83335_o.jpg
958,train,0015/2152097903_afd5ff9ce6_o.jpg,0015/345822933_b5fb7b6feb_o.jpg
959,val,0022/1170878322_310db63782_o.jpg,0022/2915742289_437fe431a1_o.jpg
960,test,0022/2695687620_ea76004e6b_o.jpg,0022/646220037_7a9250a9ae_o.jpg
961,val,0022/2604633667_ccfa68a6b2_o.jpg,0022/1141008993_b00c2d9b58_o.jpg
962,train,0015/2609404743_a9e564f088_o.jpg,0015/2578467387_f0be7e2be1_o.jpg
963,train,0015/2417420544_35c5823b26_o.jpg,0015/2761597789_e2faa6e53b_o.jpg
964,train,0022/2513313222_dd8603428b_o.jpg,0022/981256188_8f690e95b1_o.jpg
965,train,0015/478697621_413a7b66fb_o.jpg,0015/3747557738_1fe5e2bb12_o.jpg
966,train,0015/2791594059_6477917e8c_o.jpg,0015/170804731_6bf4fbecd4_o.jpg
967,train,0015/3180508595_1128ea7157_o.jpg,0015/2438726530_a256dcf5bc_o.jpg
968,train,0022/1297117943_127148ed21_o.jpg,0022/1297982846_1b57131854_o.jpg
969,train,0022/2490982581_084455e576_o.jpg,0022/2084262802_055f72f7c0_o.jpg
970,train,0022/2142521640_9a08bee026_o.jpg,0022/3735395703_55e52d4634_o.jpg
971,val,0022/3754582807_4c00a92d1f_o.jpg,0022/2335003350_9981d2d782_o.jpg
972,test,0022/2675710761_85145abdf2_o.jpg,0022/571948884_d50606eca5_o.jpg
973,train,0022/3395188399_c4be0555c7_o.jpg,0022/2385707020_fa1c526dc2_o.jpg
974,train,0022/2112336447_e3c53d8285_o.jpg,0022/1859639992_c346ee7a17_o.jpg
975,test,0022/2570012420_27076fbd27_o.jpg,0022/4123974337_76b3c24fef_o.jpg
976,train,0015/2183181601_581f321c75_o.jpg,0015/2911790895_78462766e5_o.jpg
977,train,0015/2874255043_f436b313fb_o.jpg,0015/3852437453_ab84bf1dd8_o.jpg
978,train,0022/2508509466_989c3d0719_o.jpg,0022/1434506947_8ab6f764f5_o.jpg
979,train,0022/981244438_d73bda40c8_o.jpg,0022/511224274_b5bc4c7e8f_o.jpg
980,val,0022/501219352_e100164423_o.jpg,0022/3722427422_de83a590d7_o.jpg
981,test,0022/571948884_d50606eca5_o.jpg,0022/2835033819_2806874c89_o.jpg
982,train,0015/2298313286_e235011a62_o.jpg,0015/214071146_7da52d8dc0_o.jpg
983,train,0015/297924462_822756e234_o.jpg,0015/2695245535_5277cc6e93_o.jpg
984,train,0015/3044000961_9a22c3912b_o.jpg,0015/2609404743_a9e564f088_o.jpg
985,train,0022/2508509466_989c3d0719_o.jpg,0022/760865316_8d75d07010_o.jpg
986,train,0022/2850154144_8d6cc3f05f_o.jpg,0022/312974796_9fa21e1202_o.jpg
987,train,0022/2969975182_99836bf589_o.jpg,0022/2916597554_bc218c25de_o.jpg
988,train,0022/770197291_dbe856fdc9_o.jpg,0022/511190226_80ac967026_o.jpg
989,train,0022/3106463411_710199120e_o.jpg,0022/2464627575_604e98f303_o.jpg
990,train,0022/2513313222_dd8603428b_o.jpg,0022/1535390018_c922ef779d_o.jpg
991,val,0022/2875057485_c8e25315e8_o.jpg,0022/1775340653_ab208e3a8a_o.jpg
992,val,0015/3008979244_8b871a9a9b_o.jpg,0015/2912685234_7c4c21ee78_o.jpg
993,train,0015/3968509319_096d953be0_o.jpg,0015/2609404743_a9e564f088_o.jpg
994,train,0015/3658689893_7a410fce78_o.jpg,0015/2268632857_50bc94ff02_o.jpg
995,test,0022/2070556147_a34ef98774_o.jpg,0022/31347159_2b1df19c1d_o.jpg
996,val,0015/3016357975_e207c12959_o.jpg,0015/62689091_76cdd0858b_o.jpg
997,train,0022/2082536149_8253c1d62f_o.jpg,0022/511190870_be3e66427c_o.jpg
998,train,0022/2385707020_fa1c526dc2_o.jpg,0022/3556251720_3b126667d4_o.jpg
999,train,0015/3016357975_e207c12959_o.jpg,0015/2812251450_919bb5b0ac_o.jpg
1000,train,0015/4142908691_3884438815_o.jpg,0015/1799622532_323eda8feb_o.jpg
1001,train,0022/511248029_542f26462d_o.jpg,0022/1170878322_310db63782_o.jpg
1002,val,0015/3752206429_d18226a19f_o.jpg,0015/1105376832_6f92693a76_o.jpg
1003,val,0015/2175390292_555e644515_o.jpg,0015/312805622_a59767daaa_o.jpg
1004,train,0022/2643019453_9f4842b989_o.jpg,0022/3568956904_f156634a3e_o.jpg
1005,train,0015/1283321355_191a081149_o.jpg,0015/3519412089_18daa2c071_o.jpg
1006,train,0022/2066614418_5a70705407_o.jpg,0022/2978928712_00f6dcc1e7_o.jpg
1007,train,0015/375696071_1c3e63e9e3_o.jpg,0015/2301409835_141e19ff60_o.jpg
1008,val,0022/50254895_ce589a7280_o.jpg,0022/325288797_537a42bb6f_o.jpg
1009,train,0015/3049525344_1ec608ea40_o.jpg,0015/2287525518_2e30c79380_o.jpg
1010,train,0022/3219712160_e48de43363_o.jpg,0022/3716501170_348e26ecdf_o.jpg
1011,val,0022/2652859146_cffaed26d8_o.jpg,0022/2941541684_6b0283a313_o.jpg
1012,test,0022/3067114122_6a4fce3a55_o.jpg,0022/3067115420_7d71112615_o.jpg
1013,train,0015/3182244552_6b2b1a66c4_o.jpg,0015/404000070_24067007de_o.jpg
1014,val,0015/4174108353_20422632d6_o.jpg,0015/473673123_7a024d74c7_o.jpg
1015,val,0022/2112336447_e3c53d8285_o.jpg,0022/1482387239_eeeb02aa48_o.jpg
1016,test,0015/4001663691_8460da38bb_o.jpg,0015/3968509319_096d953be0_o.jpg
1017,test,0022/2362913557_5e02e49df8_o.jpg,0022/3721614893_de5a04aabf_o.jpg
1018,train,0022/2675714713_c4e4746967_o.jpg,0022/2070556147_a34ef98774_o.jpg
1019,val,0022/2642193090_8f2c7bf55f_o.jpg,0022/2469630935_47be8ab37a_o.jpg
1020,test,0022/1297117943_127148ed21_o.jpg,0022/1297112213_64e94ffcbb_o.jpg
1021,test,0015/297915079_448359e91c_o.jpg,0015/4142908691_3884438815_o.jpg
1022,train,0022/2353199691_728747427f_o.jpg,0022/2835868540_572241d9f7_o.jpg
1023,train,0022/1297114449_44c7553045_o.jpg,0022/3785541476_7d99b5b6eb_o.jpg
1024,train,0022/397757928_398f9026e8_o.jpg,0022/1989159872_539fce0e8b_o.jpg
1025,test,0015/3725011530_c0b61956ec_o.jpg,0015/66518178_f9db888403_o.jpg
1026,train,0015/2269406411_a502b85cc5_o.jpg,0015/3048780020_a05d6c7ed2_o.jpg
1027,train,0015/2297788512_6d09de6efa_o.jpg,0015/479605349_8aa68e066d_o.jpg
1028,test,0022/2895957790_0d008281b5_o.jpg,0022/3722427422_de83a590d7_o.jpg
1029,train,0022/2508509466_989c3d0719_o.jpg,0022/2605465116_514cae62d5_o.jpg
1030,train,0015/2689679632_c545872fab_o.jpg,0015/3056331888_e7f4c11bb3_o.jpg
1031,train,0022/2362397266_768802b34c_o.jpg,0022/2569184999_b936a16e1e_o.jpg
1032,train,0015/389635453_56b927cfe2_o.jpg,0015/2390642358_6f35ba023d_o.jpg
1033,train,0015/2911790895_78462766e5_o.jpg,0015/4002427398_a86e4a7e58_o.jpg
1034,train,0022/3920990360_9ffa68b3db_o.jpg,0022/3920216155_37cd0de0c1_o.jpg
1035,train,0015/3016357975_e207c12959_o.jpg,0015/2362907762_bb9469a630_o.jpg
1036,train,0015/3180508595_1128ea7157_o.jpg,0015/144245474_d030ef9e44_o.jpg
1037,train,0022/3920990360_9ffa68b3db_o.jpg,0022/3920987420_b69f885b96_o.jpg
1038,test,0022/3030755654_3d5ec40ca4_o.jpg,0022/2037422488_c0494eecc0_o.jpg
1039,val,0022/3801833953_3e4647c98f_o.jpg,0022/1339754696_a60930ee0c_o.jpg
1040,train,0022/511248029_542f26462d_o.jpg,0022/2969952284_fe8ceea048_o.jpg
1041,train,0022/180148567_2878b6b1b8_o.jpg,0022/2366334289_8b29371e78_o.jpg
1042,train,0022/2850154144_8d6cc3f05f_o.jpg,0022/448214815_f9d37b29e4_o.jpg
1043,train,0015/3536283854_f6386dd610_o.jpg,0015/205993922_4ad25ed386_o.jpg
1044,test,0022/2468315471_52ef5e8034_o.jpg,0022/3029904005_575106f395_o.jpg
1045,val,0015/3017173460_ab03751ac5_o.jpg,0015/310129573_eb686a9dc1_o.jpg
1046,train,0022/2353199691_728747427f_o.jpg,0022/2940921287_77326cef0c_o.jpg
1047,train,0022/3801833953_3e4647c98f_o.jpg,0022/2362913561_1b797b1035_o.jpg
1048,train,0015/4002427398_a86e4a7e58_o.jpg,0015/478697621_413a7b66fb_o.jpg
1049,train,0022/2142521640_9a08bee026_o.jpg,0022/2062085717_4e24c091dc_o.jpg
1050,train,0015/4001663691_8460da38bb_o.jpg,0015/1951084910_bbe8292b8c_o.jpg
1051,test,0022/2675714713_c4e4746967_o.jpg,0022/646220037_7a9250a9ae_o.jpg
1052,train,0022/501186144_fa7a31146e_o.jpg,0022/1775340653_ab208e3a8a_o.jpg
1053,train,0015/2183301381_9d1dfdb9d3_o.jpg,0015/3612636980_590b713557_o.jpg
1054,train,0015/2409395451_667a447a49_o.jpg,0015/2868077621_79f4c04c43_o.jpg
1055,train,0015/2140428609_eecfae94d0_o.jpg,0015/310568830_48c3add89d_o.jpg
1056,test,0022/2047810199_1829108886_o.jpg,0022/34843401_9eb6332066_o.jpg
1057,train,0022/1433640101_c6d27d0559_o.jpg,0022/3122828874_49b328e959_o.jpg
1058,train,0015/2791999455_2324a339c5_o.jpg,0015/2052598694_c8918263cd_o.jpg
1059,test,0015/3877294130_8f0a096dbd_o.jpg,0015/2417420544_35c5823b26_o.jpg
1060,val,0022/1535390018_c922ef779d_o.jpg,0022/511190870_be3e66427c_o.jpg
1061,train,0022/312974796_9fa21e1202_o.jpg,0022/1894362691_eb9a72713f_o.jpg
1062,val,0015/297915079_448359e91c_o.jpg,0015/3611827485_281ac6d564_o.jpg
1063,train,0015/478692935_c0c955367a_o.jpg,0015/2467874196_fdb349e54c_o.jpg
1064,test,0015/2957001157_502eef457c_o.jpg,0015/3008979244_8b871a9a9b_o.jpg
1065,train,0022/2675714713_c4e4746967_o.jpg,0022/2969975182_99836bf589_o.jpg
1066,train,0022/312833485_22ee68d0a8_o.jpg,0022/312833324_fa472f029f_o.jpg
1067,train,0015/3755049023_a75385d1a5_o.jpg,0015/4001663691_8460da38bb_o.jpg
1068,train,0022/325288797_537a42bb6f_o.jpg,0022/1482386547_639cb52ac5_o.jpg
1069,val,0022/205952400_63af534239_o.jpg,0022/2025731489_8ad31ba022_o.jpg
1070,val,0022/2193910576_081435fb93_o.jpg,0022/312974599_28ec5e540d_o.jpg
1071,test,0015/1948510225_f88f292e3f_o.jpg,0015/2429046426_eddd69687b_o.jpg
1072,val,0015/205993994_6969ba4619_o.jpg,0015/301589598_39710c03a0_o.jpg
1073,train,0015/2911790895_78462766e5_o.jpg,0015/2811393705_fc1d64747e_o.jpg
1074,train,0015/2423039455_2c0e80fcaf_o.jpg,0015/2438726530_a256dcf5bc_o.jpg
1075,train,0022/427154679_de14c315f4_o.jpg,0022/3553841868_b6ee93bf43_o.jpg
1076,test,0022/397757928_398f9026e8_o.jpg,0022/623679181_9ad04788ff_o.jpg
1077,val,0022/3106463411_710199120e_o.jpg,0022/448213417_4617fba0ea_o.jpg
1078,train,0022/2969975182_99836bf589_o.jpg,0022/152275711_0dfbffc8ea_o.jpg
1079,train,0015/2301409835_141e19ff60_o.jpg,0015/2269406411_a502b85cc5_o.jpg
1080,train,0022/1297117943_127148ed21_o.jpg,0022/4295408049_a11a64958d_o.jpg
1081,val,0022/3189445523_abe1978588_o.jpg,0022/3839101128_52208f3aa8_o.jpg
1082,test,0015/1948510225_f88f292e3f_o.jpg,0015/3480265591_02fd1d7f7e_o.jpg
1083,train,0022/2193910676_b48a7d8434_o.jpg,0022/624570534_077746f40c_o.jpg
1084,train,0022/513609821_a7cf65b631_o.jpg,0022/513569120_9c7e4b3d7b_o.jpg
1085,train,0022/3268325681_12e8da16a5_o.jpg,0022/182339698_1617d74525_o.jpg
1086,test,0022/1413321817_7fdf3a4f57_o.jpg,0022/215056963_d7d203ba73_o.jpg
1087,train,0022/1434506947_8ab6f764f5_o.jpg,0022/2941541684_6b0283a313_o.jpg
1088,train,0022/3501559839_cfbc0317a6_o.jpg,0022/2408990133_586daf29fa_o.jpg
1089,train,0015/2979505208_68bf32c5c6_o.jpg,0015/3603252064_1732668687_o.jpg
1090,train,0022/623690633_7e3925a8e2_o.jpg,0022/2695687620_ea76004e6b_o.jpg
1091,train,0015/375694219_08f3ef71ee_o.jpg,0015/3602436699_8ae57299b4_o.jpg
1092,train,0022/511214139_209b73f9eb_o.jpg,0022/2968959102_07bf85b94a_o.jpg
1093,train,0015/345822933_b5fb7b6feb_o.jpg,0015/479605349_8aa68e066d_o.jpg
1094,train,0022/2469630935_47be8ab37a_o.jpg,0022/501186144_fa7a31146e_o.jpg
1095,test,0015/62688997_a0cdebb0d1_o.jpg,0015/330736595_6ee3e97748_o.jpg
1096,train,0022/319977162_eec12458e9_o.jpg,0022/2768552610_4f85133135_o.jpg
1097,train,0022/2541218468_a70d8e4860_o.jpg,0022/513554100_6b9b6bd239_o.jpg
1098,train,0022/3066270889_9fc44bae25_o.jpg,0022/2142586008_02281291f9_o.jpg
1099,train,0015/3877294130_8f0a096dbd_o.jpg,0015/389635223_1213f76125_o.jpg
1100,train,0015/2419867400_bf98421d6c_o.jpg,0015/1799622532_323eda8feb_o.jpg
1101,train,0022/2168650655_d8075df234_o.jpg,0022/448214815_f9d37b29e4_o.jpg
1102,val,0015/3182244552_6b2b1a66c4_o.jpg,0015/205993994_6969ba4619_o.jpg
1103,train,0022/2642193090_8f2c7bf55f_o.jpg,0022/1297112213_64e94ffcbb_o.jpg
1104,test,0022/2513313222_dd8603428b_o.jpg,0022/3714309096_5c97f95cfa_o.jpg
1105,train,0015/2960579238_7ba551628b_o.jpg,0015/2298313978_e8166ce2e9_o.jpg
1106,train,0022/152275711_0dfbffc8ea_o.jpg,0022/1482387239_eeeb02aa48_o.jpg
1107,train,0022/248502791_8c6607a333_o.jpg,0022/2569184999_b936a16e1e_o.jpg
1108,train,0015/2280790271_f2dcffcebc_o.jpg,0015/878855662_a241416cff_o.jpg
1109,test,0022/3729113536_dbf835f498_o.jpg,0022/1482387239_eeeb02aa48_o.jpg
1110,val,0015/2144101292_2e7ddae58e_o.jpg,0015/2979505208_68bf32c5c6_o.jpg
1111,train,0015/3206255109_c13eacc5ee_o.jpg,0015/2049844646_11c9c86779_o.jpg
1112,train,0022/1225631066_223f43c5ff_o.jpg,0022/2037422488_c0494eecc0_o.jpg
1113,train,0022/2704221874_65afda36c8_o.jpg,0022/1267466765_a9f3a559cc_o.jpg
1114,train,0022/180148567_2878b6b1b8_o.jpg,0022/2604633667_ccfa68a6b2_o.jpg
1115,val,0015/2795417037_fd80a23e35_o.jpg,0015/2268632857_50bc94ff02_o.jpg
1116,train,0022/3798990626_91b5cfb2f3_o.jpg,0022/2141796651_c30bd73184_o.jpg
1117,train,0022/3406090453_bfeb6c40d0_o.jpg,0022/2604830299_33a36b49e8_o.jpg
1118,train,0022/24655383_ba1f244885_o.jpg,0022/511190870_be3e66427c_o.jpg
1119,train,0015/2795417037_fd80a23e35_o.jpg,0015/1092737814_8b42f88ce7_o.jpg
1120,train,0022/2193910676_b48a7d8434_o.jpg,0022/411826972_0f5b6ad248_o.jpg
1121,train,0022/2652859146_cffaed26d8_o.jpg,0022/531357620_f4d44f36fe_o.jpg
1122,val,0022/1267466765_a9f3a559cc_o.jpg,0022/3000898340_59cef56f18_o.jpg
1123,test,0015/3180508595_1128ea7157_o.jpg,0015/29307281_d7872975e2_o.jpg
1124,train,0015/3602433917_f463ce87ae_o.jpg,0015/2492313401_4e912ecf9a_o.jpg
1125,train,0022/2854678489_96251db6e8_o.jpg,0022/2757260812_6fa31d60f0_o.jpg
1126,test,0022/624541762_1ee0e1980a_o.jpg,0022/3122828230_6c07c7284a_o.jpg
1127,val,0022/2733554986_0a14f3a94d_o.jpg,0022/2704204608_ac8406d85b_o.jpg
1128,train,0022/2385707020_fa1c526dc2_o.jpg,0022/2168650655_d8075df234_o.jpg
1129,test,0015/3632641416_6f11852387_o.jpg,0015/1092737814_8b42f88ce7_o.jpg
1130,test,0015/1162164006_4b2185f4e7_o.jpg,0015/2419051977_2fb8a8981c_o.jpg
1131,train,0022/312974796_9fa21e1202_o.jpg,0022/220383979_353deb41d6_o.jpg
1132,train,0015/2189792388_50f1cddf2a_o.jpg,0015/2362907762_bb9469a630_o.jpg
1133,train,0022/2636781338_ec1a923a4f_o.jpg,0022/152275711_0dfbffc8ea_o.jpg
1134,train,0022/501219352_e100164423_o.jpg,0022/1482387239_eeeb02aa48_o.jpg
1135,val,0015/399366437_93d93efe8f_o.jpg,0015/2461826946_e3bdfaee10_o.jpg
1136,test,0022/453068332_a802fc9422_o.jpg,0022/228519770_b3bf41b2fb_o.jpg
1137,train,0015/2505812706_c3063bbd42_o.jpg,0015/2554276935_d403cb2cd8_o.jpg
1138,train,0022/3029904005_575106f395_o.jpg,0022/448213417_4617fba0ea_o.jpg
1139,val,0015/3480270595_61e9118a00_o.jpg,0015/2868077621_79f4c04c43_o.jpg
1140,train,0015/2879331870_385d8c8dc4_o.jpg,0015/3511130064_16059fefec_o.jpg
1141,train,0022/2142521640_9a08bee026_o.jpg,0022/531357620_f4d44f36fe_o.jpg
1142,train,0015/3017173460_ab03751ac5_o.jpg,0015/1479060879_85841216d3_o.jpg
1143,val,0022/1989159872_539fce0e8b_o.jpg,0022/3122828230_6c07c7284a_o.jpg
1144,train,0022/1246999913_f034722c7b_o.jpg,0022/2659011231_c2500b1b55_o.jpg
1145,val,0022/511248029_542f26462d_o.jpg,0022/2703388797_3c4dc9cff7_o.jpg
1146,train,0022/3268325681_12e8da16a5_o.jpg,0022/350254441_dabfdafb58_o.jpg
1147,test,0022/1225631066_223f43c5ff_o.jpg,0022/3395188399_c4be0555c7_o.jpg
1148,train,0015/2409395451_667a447a49_o.jpg,0015/2144111378_4716e481a7_o.jpg
1149,train,0015/2362907762_bb9469a630_o.jpg,0015/375694219_08f3ef71ee_o.jpg
1150,train,0015/3305213780_e460e68085_o.jpg,0015/2301409835_141e19ff60_o.jpg
1151,train,0015/1105376832_6f92693a76_o.jpg,0015/2795419285_b4bbfa1862_o.jpg
1152,test,0022/66304037_fc4bfdc192_o.jpg,0022/624541762_1ee0e1980a_o.jpg
1153,test,0022/2335003350_9981d2d782_o.jpg,0022/3808398518_aa1b40a6a0_o.jpg
1154,test,0022/3005321073_9e530414a4_o.jpg,0022/365097267_68c2ec1b85_o.jpg
1155,train,0015/2493137906_10a2f6b1b6_o.jpg,0015/2791999455_2324a339c5_o.jpg
1156,train,0022/2686594039_193db9a4e9_o.jpg,0022/1173748728_f5d01ef6ef_o.jpg
1157,train,0022/2142521640_9a08bee026_o.jpg,0022/493639419_213c736a33_o.jpg
1158,val,0022/501918339_d71ec4ca56_o.jpg,0022/557524448_5d60be4b38_o.jpg
1159,train,0022/2676533964_2b65ac5ab3_o.jpg,0022/3770735733_708928339e_o.jpg
1160,train,0022/2142630166_31a7f8bf33_o.jpg,0022/2499583736_eb87c691cf_o.jpg
1161,train,0015/3611827485_281ac6d564_o.jpg,0015/3602442955_5305b75580_o.jpg
1162,test,0022/2361506957_61d8eba5f9_o.jpg,0022/2142586008_02281291f9_o.jpg
1163,train,0022/2703388797_3c4dc9cff7_o.jpg,0022/501186144_fa7a31146e_o.jpg
1164,train,0022/391017899_2a67c43613_o.jpg,0022/2070556147_a34ef98774_o.jpg
1165,train,0022/2142521640_9a08bee026_o.jpg,0022/448206888_227b64ac6b_o.jpg
1166,train,0015/2689679632_c545872fab_o.jpg,0015/2912685234_7c4c21ee78_o.jpg
1167,train,0015/91859233_136e683590_o.jpg,0015/2163893114_face79b8c3_o.jpg
1168,train,0022/2919404063_e9bf98a6cb_o.jpg,0022/4295408049_a11a64958d_o.jpg
1169,train,0022/2508509466_989c3d0719_o.jpg,0022/2969975182_99836bf589_o.jpg
1170,train,0022/2353199691_728747427f_o.jpg,0022/543475925_f32587de1a_o.jpg
1171,test,0015/2280790271_f2dcffcebc_o.jpg,0015/403999946_08c8353b8a_o.jpg
1172,train,0015/2377126482_267da586f5_o.jpg,0015/3158214253_16b5194f70_o.jpg
1173,train,0015/2959733121_2a804e7d1c_o.jpg,0015/479605349_8aa68e066d_o.jpg
1174,val,0022/2704204608_ac8406d85b_o.jpg,0022/2969129627_e8c1be55f3_o.jpg
1175,train,0015/479591780_e4fc8a42ae_o.jpg,0015/2811393705_fc1d64747e_o.jpg
1176,train,0022/3715689873_8b49e3676d_o.jpg,0022/1390794615_4e2efcc84d_o.jpg
1177,train,0015/1479060879_85841216d3_o.jpg,0015/3480265591_02fd1d7f7e_o.jpg
1178,train,0022/3406090453_bfeb6c40d0_o.jpg,0022/448214815_f9d37b29e4_o.jpg
1179,train,0015/3016333021_fa27e3dd22_o.jpg,0015/3602442955_5305b75580_o.jpg
1180,test,0022/1339754696_a60930ee0c_o.jpg,0022/2362913561_1b797b1035_o.jpg
1181,train,0022/1434506947_8ab6f764f5_o.jpg,0022/3000898340_59cef56f18_o.jpg
1182,train,0022/3066274005_d6b0de2d4d_o.jpg,0022/448214815_f9d37b29e4_o.jpg
1183,test,0015/513740738_c66351e607_o.jpg,0015/1105376832_6f92693a76_o.jpg
1184,test,0022/186069410_b743faece0_o.jpg,0022/12003890_f6c899bec0_o.jpg
1185,train,0022/2689006333_4e96a6d7e4_o.jpg,0022/3086324471_309d515414_o.jpg
1186,val,0015/3159096518_744c87899e_o.jpg,0015/2979505208_68bf32c5c6_o.jpg
1187,train,0015/3228510319_5901f7015b_o.jpg,0015/389637521_82abe2d494_o.jpg
1188,train,0015/4174108353_20422632d6_o.jpg,0015/2416783016_245686617a_o.jpg
1189,val,0015/2407046610_ac47df3e21_o.jpg,0015/3770146972_179b71042b_o.jpg
1190,train,0015/548538441_7e091ac4aa_o.jpg,0015/375694219_08f3ef71ee_o.jpg
1191,train,0015/3725011530_c0b61956ec_o.jpg,0015/2298313978_e8166ce2e9_o.jpg
1192,train,0015/2281581496_dfd0300cee_o.jpg,0015/301589598_39710c03a0_o.jpg
1193,train,0022/325288666_e5a21a444a_o.jpg,0022/3809929159_2c4feb399b_o.jpg
1194,test,0022/24655383_ba1f244885_o.jpg,0022/2969129627_e8c1be55f3_o.jpg
1195,val,0015/841724048_215c0913c4_o.jpg,0015/389637286_3f18f449c8_o.jpg
1196,train,0015/2377126482_267da586f5_o.jpg,0015/2461826946_e3bdfaee10_o.jpg
1197,train,0015/164326891_8a88269821_o.jpg,0015/2140428609_eecfae94d0_o.jpg
1198,train,0022/2513313222_dd8603428b_o.jpg,0022/2768552610_4f85133135_o.jpg
1199,train,0022/2695687620_ea76004e6b_o.jpg,0022/501186144_fa7a31146e_o.jpg
1200,train,0022/2570012420_27076fbd27_o.jpg,0022/2066614418_5a70705407_o.jpg
1201,train,0022/2850154144_8d6cc3f05f_o.jpg,0022/115118203_4dca77c8c5_o.jpg
1202,train,0015/3658689893_7a410fce78_o.jpg,0015/2761598551_113e875434_o.jpg
1203,train,0015/2297517821_a1fa8307c9_o.jpg,0015/2280790271_f2dcffcebc_o.jpg
1204,val,0022/2838542396_d013d60608_o.jpg,0022/2062085717_4e24c091dc_o.jpg
1205,train,0022/2675714713_c4e4746967_o.jpg,0022/3778401647_c446f4bcc4_o.jpg
1206,train,0022/2850154144_8d6cc3f05f_o.jpg,0022/325288797_537a42bb6f_o.jpg
1207,test,0015/3078761689_0b420051be_o.jpg,0015/330736595_6ee3e97748_o.jpg
1208,train,0022/2635957049_db6f8e338e_o.jpg,0022/479390531_a237b6b5f4_o.jpg
1209,train,0015/389635453_56b927cfe2_o.jpg,0015/492130269_796b5bf602_o.jpg
1210,train,0022/3030755654_3d5ec40ca4_o.jpg,0022/365096795_b91bc12bd7_o.jpg
1211,train,0022/31347159_2b1df19c1d_o.jpg,0022/869156515_c1ddd038e9_o.jpg
1212,train,0015/4174108353_20422632d6_o.jpg,0015/2944951677_38bc5ffd65_o.jpg
1213,train,0015/2959733121_2a804e7d1c_o.jpg,0015/3116080871_8b1a976270_o.jpg
1214,train,0022/402469101_b81b00ff34_o.jpg,0022/365096795_b91bc12bd7_o.jpg
1215,test,0022/1297118643_00029e6b3e_o.jpg,0022/2733554986_0a14f3a94d_o.jpg
1216,train,0022/1469603948_0052cdbe5d_o.jpg,0022/3000069809_27ed19a143_o.jpg
1217,train,0015/275493871_794161ba91_o.jpg,0015/301589598_39710c03a0_o.jpg
1218,val,0022/3122828230_6c07c7284a_o.jpg,0022/34843401_9eb6332066_o.jpg
1219,train,0015/2423039455_2c0e80fcaf_o.jpg,0015/330734230_843d97598d_o.jpg
1220,train,0015/1653917558_ffec427b3a_o.jpg,0015/91859233_136e683590_o.jpg
1221,train,0015/513784629_a73e267b94_o.jpg,0015/2297364097_cf9cff1291_o.jpg
1222,train,0022/2642193090_8f2c7bf55f_o.jpg,0022/623690633_7e3925a8e2_o.jpg
1223,train,0022/857813368_19af0483dc_o.jpg,0022/2050697641_54bdb71b83_o.jpg
1224,test,0022/2260071045_b89d71447f_o.jpg,0022/2124155427_84125f800a_o.jpg
1225,train,0015/301589598_39710c03a0_o.jpg,0015/399366437_93d93efe8f_o.jpg
1226,val,0015/3770146578_ae6fd22e31_o.jpg,0015/2416783016_245686617a_o.jpg
1227,train,0022/310584686_0965d00b4c_o.jpg,0022/270064289_6ba2b89fac_o.jpg
1228,train,0022/511214139_209b73f9eb_o.jpg,0022/2652035923_3a9d2c41f6_o.jpg
1229,train,0015/3016357975_e207c12959_o.jpg,0015/2200977989_16fdf0cdbb_o.jpg
1230,val,0022/2293073399_db7bcf97fd_o.jpg,0022/3074969160_feb757b901_o.jpg
1231,train,0022/2835662202_e78930604d_o.jpg,0022/2694323455_e7e97f0247_o.jpg
1232,train,0015/2812251450_919bb5b0ac_o.jpg,0015/3475832871_843d6b914c_o.jpg
1233,train,0022/158849998_602c2630f0_o.jpg,0022/533489729_dd979ca94d_o.jpg
1234,train,0022/501219352_e100164423_o.jpg,0022/511190870_be3e66427c_o.jpg
1235,train,0015/297915079_448359e91c_o.jpg,0015/1949239530_e4b06e6181_o.jpg
1236,train,0015/138728131_7b2091047c_o.jpg,0015/2696027842_b39dd9a58e_o.jpg
1237,val,0015/519467706_cec0e967a5_o.jpg,0015/3050334200_fbfbd5132a_o.jpg
1238,test,0022/3771535614_a92fcf05a3_o.jpg,0022/2811690874_f500d83335_o.jpg
1239,train,0022/1610927842_7027d5148d_o.jpg,0022/2737745065_9402330b6b_o.jpg
1240,train,0015/138728131_7b2091047c_o.jpg,0015/2499107370_d54ef6325a_o.jpg
1241,test,0015/2218788515_34db1b55c4_o.jpg,0015/325576679_48d1b5cb11_o.jpg
1242,train,0015/4001663691_8460da38bb_o.jpg,0015/2959733121_2a804e7d1c_o.jpg
1243,train,0022/2516412779_d7554661b5_o.jpg,0022/312974796_9fa21e1202_o.jpg
1244,train,0022/312975025_9de688d87f_o.jpg,0022/3771535614_a92fcf05a3_o.jpg
1245,train,0022/140882320_e0be63682a_o.jpg,0022/1297970126_ca9334c242_o.jpg
1246,train,0022/24655383_ba1f244885_o.jpg,0022/646220037_7a9250a9ae_o.jpg
1247,train,0015/548538441_7e091ac4aa_o.jpg,0015/2140428609_eecfae94d0_o.jpg
1248,test,0015/1652824871_1ad784261d_o.jpg,0015/2417420544_35c5823b26_o.jpg
1249,train,0022/441847585_4066c9b34b_o.jpg,0022/2084262802_055f72f7c0_o.jpg
1250,val,0022/307036457_51029c5b2b_o.jpg,0022/1247003203_b554be0557_o.jpg
1251,val,0015/2281581496_dfd0300cee_o.jpg,0015/399364960_845892e7d7_o.jpg
1252,train,0022/2377284574_dcf50dc5c7_o.jpg,0022/2516412779_d7554661b5_o.jpg
1253,train,0022/2737745065_9402330b6b_o.jpg,0022/412171384_3a7a94fa71_o.jpg
1254,test,0022/2689006333_4e96a6d7e4_o.jpg,0022/3228491558_af70759fef_o.jpg
1255,val,0022/3812820656_14338ba7af_o.jpg,0022/2562895246_0fd38ee3f2_o.jpg
1256,test,0022/981244438_d73bda40c8_o.jpg,0022/3839101128_52208f3aa8_o.jpg
1257,test,0022/998312093_3421192cdc_o.jpg,0022/2308307366_d4b0ec9f2f_o.jpg
1258,val,0022/2142521640_9a08bee026_o.jpg,0022/340075389_0d8bfb1f10_o.jpg
1259,train,0015/2554276935_d403cb2cd8_o.jpg,0015/164684196_d172f0865b_o.jpg
1260,train,0022/2344446722_e52163a10e_o.jpg,0022/3113891455_b62694879a_o.jpg
1261,train,0022/31347159_2b1df19c1d_o.jpg,0022/2036623941_de0d6f6507_o.jpg
1262,train,0022/2541218468_a70d8e4860_o.jpg,0022/2807466317_f7521c4948_o.jpg
1263,train,0015/2431823248_3776ed43ec_o.jpg,0015/317786294_ce2a9cf79c_o.jpg
1264,test,0022/1433639911_6088e4c46d_o.jpg,0022/1729347662_ab1101fc98_o.jpg
1265,train,0015/3180508595_1128ea7157_o.jpg,0015/2268632857_50bc94ff02_o.jpg
1266,test,0022/2448257341_657a198513_o.jpg,0022/2562071155_eb2473b5c5_o.jpg
1267,test,0022/2835033819_2806874c89_o.jpg,0022/2807466317_f7521c4948_o.jpg
1268,train,0022/3801833953_3e4647c98f_o.jpg,0022/2811690874_f500d83335_o.jpg
1269,train,0022/2050697641_54bdb71b83_o.jpg,0022/2346584257_0482a9e2e8_o.jpg
1270,val,0015/403999946_08c8353b8a_o.jpg,0015/2419051977_2fb8a8981c_o.jpg
1271,val,0015/4043252998_b660b7dffa_o.jpg,0015/1349576135_91cfa7d80a_o.jpg
1272,train,0022/3729107210_b15b793674_o.jpg,0022/3000898340_59cef56f18_o.jpg
1273,train,0022/106707051_251e89b83a_o.jpg,0022/312833121_2f508ab4b0_o.jpg
1274,train,0015/3770146578_ae6fd22e31_o.jpg,0015/3013143177_54466d4f81_o.jpg
1275,test,0022/1170878322_310db63782_o.jpg,0022/3464140746_a8e34df568_o.jpg
1276,train,0015/3049525344_1ec608ea40_o.jpg,0015/479605349_8aa68e066d_o.jpg
1277,train,0015/3754970917_99d7cf4861_o.jpg,0015/492130269_796b5bf602_o.jpg
1278,val,0022/180148567_2878b6b1b8_o.jpg,0022/3721614893_de5a04aabf_o.jpg
1279,train,0022/350254441_dabfdafb58_o.jpg,0022/3649143756_aca56a6328_o.jpg
1280,train,0022/50254895_ce589a7280_o.jpg,0022/1469603948_0052cdbe5d_o.jpg
1281,train,0015/2879331870_385d8c8dc4_o.jpg,0015/1349576135_91cfa7d80a_o.jpg
1282,test,0015/3116080871_8b1a976270_o.jpg,0015/3049525344_1ec608ea40_o.jpg
1283,train,0022/3722427356_6fee2b7349_o.jpg,0022/115118203_4dca77c8c5_o.jpg
1284,train,0022/511248029_542f26462d_o.jpg,0022/3785461573_16e1515d06_o.jpg
1285,train,0022/3106463411_710199120e_o.jpg,0022/186069410_b743faece0_o.jpg
1286,val,0022/1297118643_00029e6b3e_o.jpg,0022/1297114449_44c7553045_o.jpg
1287,train,0015/2297788512_6d09de6efa_o.jpg,0015/170804731_6bf4fbecd4_o.jpg
1288,train,0015/2825304557_43d08b3807_o.jpg,0015/207157445_e6ce5ad0bf_o.jpg
1289,train,0022/2635957049_db6f8e338e_o.jpg,0022/2361506957_61d8eba5f9_o.jpg
1290,val,0022/388599473_aa576a9202_o.jpg,0022/1297114449_44c7553045_o.jpg
1291,test,0015/3049525344_1ec608ea40_o.jpg,0015/330736595_6ee3e97748_o.jpg
1292,train,0022/3464140746_a8e34df568_o.jpg,0022/3729113536_dbf835f498_o.jpg
1293,train,0022/3212305528_40225a17cf_o.jpg,0022/312974599_28ec5e540d_o.jpg
1294,test,0022/511248029_542f26462d_o.jpg,0022/571948952_6247341d9f_o.jpg
1295,train,0022/453068332_a802fc9422_o.jpg,0022/2916597554_bc218c25de_o.jpg
1296,train,0022/397757928_398f9026e8_o.jpg,0022/501186144_fa7a31146e_o.jpg
1297,test,0015/2947740433_8316ecf292_o.jpg,0015/478697621_413a7b66fb_o.jpg
1298,train,0015/3282123316_5b425db7a5_o.jpg,0015/160045183_bfea1204a5_o.jpg
1299,val,0022/2164387434_9b9d5a995c_o.jpg,0022/670515494_2b585ee09a_o.jpg
1300,train,0022/1170878322_310db63782_o.jpg,0022/2070556147_a34ef98774_o.jpg
1301,val,0022/1482386547_639cb52ac5_o.jpg,0022/3122827506_c9c0b423d7_o.jpg
1302,train,0022/733142349_2629104772_o.jpg,0022/2757260060_c37eb9d96f_o.jpg
1303,train,0022/1431651203_5a790efbcd_o.jpg,0022/2642193090_8f2c7bf55f_o.jpg
1304,train,0022/2051129170_37712f7e1a_o.jpg,0022/2915742289_437fe431a1_o.jpg
1305,train,0022/3212305528_40225a17cf_o.jpg,0022/557524448_5d60be4b38_o.jpg
1306,test,0022/2385707020_fa1c526dc2_o.jpg,0022/2353200121_2053041d96_o.jpg
1307,train,0015/3017173460_ab03751ac5_o.jpg,0015/138728131_7b2091047c_o.jpg
1308,val,0015/3180508595_1128ea7157_o.jpg,0015/207359015_917287c744_o.jpg
1309,train,0022/1859639992_c346ee7a17_o.jpg,0022/2468315471_52ef5e8034_o.jpg
1310,train,0022/3455593447_101f1773fd_o.jpg,0022/3353330026_1c0b8f51d9_o.jpg
1311,train,0022/2688981605_198dd8c874_o.jpg,0022/3920990360_9ffa68b3db_o.jpg
1312,train,0022/453068332_a802fc9422_o.jpg,0022/3353331098_88b2151710_o.jpg
1313,train,0022/2733554986_0a14f3a94d_o.jpg,0022/182339698_1617d74525_o.jpg
1314,val,0022/3778401647_c446f4bcc4_o.jpg,0022/330139334_2cdba7c08d_o.jpg
1315,train,0022/2850154144_8d6cc3f05f_o.jpg,0022/140882320_e0be63682a_o.jpg
1316,val,0015/399366437_93d93efe8f_o.jpg,0015/2163893114_face79b8c3_o.jpg
1317,test,0022/312975579_2d0c7ca8ab_o.jpg,0022/312975294_154b7c3f96_o.jpg
1318,val,0015/2492313401_4e912ecf9a_o.jpg,0015/2248320068_7553a48263_o.jpg
1319,train,0022/2704204608_ac8406d85b_o.jpg,0022/3353330026_1c0b8f51d9_o.jpg
1320,train,0015/3819243606_7acfaf85dd_o.jpg,0015/2298313978_e8166ce2e9_o.jpg
1321,val,0022/2244697829_016008f1e8_o.jpg,0022/2025731489_8ad31ba022_o.jpg
1322,test,0022/1469603948_0052cdbe5d_o.jpg,0022/2414005003_b333776c67_o.jpg
1323,train,0022/312975294_154b7c3f96_o.jpg,0022/312975579_2d0c7ca8ab_o.jpg
1324,train,0022/424044731_6a9fa30581_o.jpg,0022/646220037_7a9250a9ae_o.jpg
1325,train,0015/3180508595_1128ea7157_o.jpg,0015/66518178_f9db888403_o.jpg
1326,train,0022/1362514572_da0fac59f9_o.jpg,0022/571948952_6247341d9f_o.jpg
1327,train,0015/2874255043_f436b313fb_o.jpg,0015/389635223_1213f76125_o.jpg
1328,val,0022/228519770_b3bf41b2fb_o.jpg,0022/391017899_2a67c43613_o.jpg
1329,train,0022/3770735733_708928339e_o.jpg,0022/2335003350_9981d2d782_o.jpg
1330,train,0022/3406090453_bfeb6c40d0_o.jpg,0022/2652866084_f528569160_o.jpg
1331,test,0022/770197291_dbe856fdc9_o.jpg,0022/2344446722_e52163a10e_o.jpg
1332,test,0022/3795899747_21a8b2e5a2_o.jpg,0022/3796717978_d9f0c78202_o.jpg
1333,val,0022/2353199691_728747427f_o.jpg,0022/2652033471_c0307f308a_o.jpg
1334,train,0015/2419867400_bf98421d6c_o.jpg,0015/267072932_723f4483c0_o.jpg
1335,train,0015/215038972_b717b9113b_o.jpg,0015/3423366060_15b0096bb1_o.jpg
1336,train,0015/62689091_76cdd0858b_o.jpg,0015/330736595_6ee3e97748_o.jpg
1337,test,0015/404000070_24067007de_o.jpg,0015/2499108342_ed85189288_o.jpg
1338,train,0022/3675541387_f37b593a6c_o.jpg,0022/511214139_209b73f9eb_o.jpg
1339,val,0022/623684815_f3e0501218_o.jpg,0022/3599661169_020738c05e_o.jpg
1340,train,0015/389635223_1213f76125_o.jpg,0015/345822933_b5fb7b6feb_o.jpg
1341,train,0022/2142521640_9a08bee026_o.jpg,0022/2569184999_b936a16e1e_o.jpg
1342,train,0022/998312093_3421192cdc_o.jpg,0022/2362913557_5e02e49df8_o.jpg
1343,val,0015/301589598_39710c03a0_o.jpg,0015/2073853679_f35bb29c49_o.jpg
1344,val,0022/66304037_fc4bfdc192_o.jpg,0022/3567556886_7d661bf369_o.jpg
1345,train,0022/2675714713_c4e4746967_o.jpg,0022/453068332_a802fc9422_o.jpg
1346,train,0015/205993922_4ad25ed386_o.jpg,0015/2492313401_4e912ecf9a_o.jpg
1347,train,0015/2150679996_fd2cd6339e_o.jpg,0015/330736595_6ee3e97748_o.jpg
1348,train,0022/2703388797_3c4dc9cff7_o.jpg,0022/2066614418_5a70705407_o.jpg
1349,train,0022/3000069809_27ed19a143_o.jpg,0022/2652866084_f528569160_o.jpg
1350,train,0022/2362397266_768802b34c_o.jpg,0022/3721614893_de5a04aabf_o.jpg
1351,train,0022/501918339_d71ec4ca56_o.jpg,0022/2935762689_fa1c008191_o.jpg
1352,train,0022/772882575_37ff22c631_o.jpg,0022/3920990360_9ffa68b3db_o.jpg
1353,test,0022/1244153832_b3168a7a9b_o.jpg,0022/2362913557_5e02e49df8_o.jpg
1354,train,0015/2492313401_4e912ecf9a_o.jpg,0015/2493137906_10a2f6b1b6_o.jpg
1355,train,0022/2675714713_c4e4746967_o.jpg,0022/448213417_4617fba0ea_o.jpg
1356,val,0022/511214139_209b73f9eb_o.jpg,0022/869156515_c1ddd038e9_o.jpg
1357,train,0015/2073853679_f35bb29c49_o.jpg,0015/1017541041_394e9f81d4_o.jpg
1358,train,0015/2362907762_bb9469a630_o.jpg,0015/570188204_952af377b3_o.jpg
1359,train,0022/453068332_a802fc9422_o.jpg,0022/3352505021_0d562a40e5_o.jpg
1360,train,0022/624541762_1ee0e1980a_o.jpg,0022/733142349_2629104772_o.jpg
1361,train,0022/3178653611_5f16e3a4b3_o.jpg,0022/501219352_e100164423_o.jpg
1362,train,0015/3724201875_22dba7955f_o.jpg,0015/330734230_843d97598d_o.jpg
1363,test,0022/1028453105_b7a446d73c_o.jpg,0022/38958495_74efb603d5_o.jpg
1364,test,0022/3296298959_2bdd857a2e_o.jpg,0022/2362913561_1b797b1035_o.jpg
1365,train,0022/2516964254_b7eb465903_o.jpg,0022/1170878020_5fb6e7c4e2_o.jpg
1366,train,0022/2605465116_514cae62d5_o.jpg,0022/3866520701_0a34d3e614_o.jpg
1367,test,0015/1969087925_0f439b6bc7_o.jpg,0015/370516634_5c74ecd7c2_o.jpg
1368,train,0015/3536283854_f6386dd610_o.jpg,0015/2073853679_f35bb29c49_o.jpg
1369,test,0022/3729107210_b15b793674_o.jpg,0022/217448351_09b6986ab2_o.jpg
1370,train,0015/2912685234_7c4c21ee78_o.jpg,0015/262596264_0cb3e46c00_o.jpg
1371,train,0022/2570012420_27076fbd27_o.jpg,0022/34843401_9eb6332066_o.jpg
1372,test,0022/493639419_213c736a33_o.jpg,0022/1698775266_6bb8f89ae1_o.jpg
1373,val,0015/3044000961_9a22c3912b_o.jpg,0015/3536283854_f6386dd610_o.jpg
1374,train,0022/2004808007_12be8bb96c_o.jpg,0022/312974796_9fa21e1202_o.jpg
1375,train,0022/1297982846_1b57131854_o.jpg,0022/2398257186_799b24701d_o.jpg
1376,test,0022/2142630166_31a7f8bf33_o.jpg,0022/2415654069_7515075a87_o.jpg
1377,train,0022/3920990360_9ffa68b3db_o.jpg,0022/186069410_b743faece0_o.jpg
1378,val,0015/4174108353_20422632d6_o.jpg,0015/2499107370_d54ef6325a_o.jpg
1379,train,0015/469030960_254e7b5fe2_o.jpg,0015/2269406411_a502b85cc5_o.jpg
1380,train,0022/2676533964_2b65ac5ab3_o.jpg,0022/465433915_fb097fed94_o.jpg
1381,train,0022/3920990360_9ffa68b3db_o.jpg,0022/402460922_5ff257d9d9_o.jpg
1382,train,0015/138728131_7b2091047c_o.jpg,0015/2175390292_555e644515_o.jpg
1383,test,0015/2218788515_34db1b55c4_o.jpg,0015/2492313401_4e912ecf9a_o.jpg
1384,train,0022/3719706373_1181658e8a_o.jpg,0022/1610927842_7027d5148d_o.jpg
1385,train,0015/3551806723_a47181cf9a_o.jpg,0015/2140428609_eecfae94d0_o.jpg
1386,test,0022/2635957049_db6f8e338e_o.jpg,0022/448214815_f9d37b29e4_o.jpg
1387,train,0022/2335003350_9981d2d782_o.jpg,0022/772882575_37ff22c631_o.jpg
1388,train,0015/143983789_f030e8f660_o.jpg,0015/2505812706_c3063bbd42_o.jpg
1389,train,0022/1297114449_44c7553045_o.jpg,0022/3567556886_7d661bf369_o.jpg
1390,test,0022/1297105159_6e8cc9166e_o.jpg,0022/887548107_602867e1a3_o.jpg
1391,train,0022/365097267_68c2ec1b85_o.jpg,0022/3866520701_0a34d3e614_o.jpg
1392,train,0015/149746416_ee35b4d9ae_o.jpg,0015/2486870207_76c395b41e_o.jpg
1393,train,0015/2423039455_2c0e80fcaf_o.jpg,0015/2499107370_d54ef6325a_o.jpg
1394,train,0015/487936202_fb73f4d598_o.jpg,0015/275487465_7c3950ece9_o.jpg
1395,train,0022/312833324_fa472f029f_o.jpg,0022/2854678489_96251db6e8_o.jpg
1396,test,0022/2919404063_e9bf98a6cb_o.jpg,0022/2703388797_3c4dc9cff7_o.jpg
1397,train,0015/330736595_6ee3e97748_o.jpg,0015/2140428609_eecfae94d0_o.jpg
1398,train,0022/3179491696_7750fa951d_o.jpg,0022/3845128120_533dd61a3c_o.jpg
1399,train,0015/3305213780_e460e68085_o.jpg,0015/2150679996_fd2cd6339e_o.jpg
1400,train,0015/3611827485_281ac6d564_o.jpg,0015/205993994_6969ba4619_o.jpg
1401,train,0022/3735395703_55e52d4634_o.jpg,0022/501186144_fa7a31146e_o.jpg
1402,train,0022/511190870_be3e66427c_o.jpg,0022/1855586584_83d985d251_o.jpg
1403,val,0022/3735395703_55e52d4634_o.jpg,0022/2704221874_65afda36c8_o.jpg
1404,train,0022/1021716875_4feb03a922_o.jpg,0022/310584686_0965d00b4c_o.jpg
1405,test,0022/2689745042_637e4b0475_o.jpg,0022/1339754696_a60930ee0c_o.jpg
1406,train,0022/3098461189_ebd1a9b463_o.jpg,0022/3113891455_b62694879a_o.jpg
1407,val,0015/4043252998_b660b7dffa_o.jpg,0015/3480270595_61e9118a00_o.jpg
1408,test,0015/2298313978_e8166ce2e9_o.jpg,0015/473673123_7a024d74c7_o.jpg
1409,val,0022/3779209100_1643e16f9e_o.jpg,0022/2932843632_46fb72d8d2_o.jpg
1410,val,0015/1283321355_191a081149_o.jpg,0015/3475832871_843d6b914c_o.jpg
1411,test,0015/1349576135_91cfa7d80a_o.jpg,0015/3480265591_02fd1d7f7e_o.jpg
1412,train,0022/2418898447_014cb125cd_o.jpg,0022/3713497541_ab9fcd2ec4_o.jpg
1413,test,0022/2968959102_07bf85b94a_o.jpg,0022/3807590577_b863a74f5f_o.jpg
1414,val,0022/186069410_b743faece0_o.jpg,0022/312974796_9fa21e1202_o.jpg
1415,train,0022/2508509466_989c3d0719_o.jpg,0022/2036623941_de0d6f6507_o.jpg
1416,val,0015/205993994_6969ba4619_o.jpg,0015/297915079_448359e91c_o.jpg
1417,val,0022/2112336447_e3c53d8285_o.jpg,0022/2968959102_07bf85b94a_o.jpg
1418,train,0022/2508509466_989c3d0719_o.jpg,0022/220383979_353deb41d6_o.jpg
1419,train,0022/402462375_fc3c6e17a1_o.jpg,0022/402463125_91cc1dbc9e_o.jpg
1420,train,0022/421470619_a1959e5a7e_o.jpg,0022/981256188_8f690e95b1_o.jpg
1421,train,0022/2469630935_47be8ab37a_o.jpg,0022/2940921287_77326cef0c_o.jpg
1422,test,0015/3611827485_281ac6d564_o.jpg,0015/3158214253_16b5194f70_o.jpg
1423,train,0015/167170681_0e5c42fd21_o.jpg,0015/4002427398_a86e4a7e58_o.jpg
1424,train,0022/2650354347_97722cd18e_o.jpg,0022/115118203_4dca77c8c5_o.jpg
1425,train,0022/2663006271_724291aab3_o.jpg,0022/1297970126_ca9334c242_o.jpg
1426,val,0015/205993994_6969ba4619_o.jpg,0015/3480265591_02fd1d7f7e_o.jpg
1427,val,0022/2471038195_04eaaf0957_o.jpg,0022/3567985611_9c590334c7_o.jpg
1428,train,0015/275487465_7c3950ece9_o.jpg,0015/2417420544_35c5823b26_o.jpg
1429,train,0015/2218788515_34db1b55c4_o.jpg,0015/275603952_94ac921c80_o.jpg
1430,train,0022/479390531_a237b6b5f4_o.jpg,0022/3395188399_c4be0555c7_o.jpg
1431,test,0022/152275711_0dfbffc8ea_o.jpg,0022/325288797_537a42bb6f_o.jpg
1432,train,0015/3603246052_53fcdebb26_o.jpg,0015/275604789_5295436922_o.jpg
1433,val,0015/375696071_1c3e63e9e3_o.jpg,0015/2493137906_10a2f6b1b6_o.jpg
1434,train,0022/3675541387_f37b593a6c_o.jpg,0022/623679181_9ad04788ff_o.jpg
1435,train,0022/3753905083_1ebdcb42fd_o.jpg,0022/388599473_aa576a9202_o.jpg
1436,train,0022/499638494_0f44fd942e_o.jpg,0022/2757260812_6fa31d60f0_o.jpg
1437,test,0022/499638494_0f44fd942e_o.jpg,0022/391179592_a2a5e97709_o.jpg
1438,train,0022/402461674_fd8ac69701_o.jpg,0022/2066614418_5a70705407_o.jpg
1439,val,0015/404000070_24067007de_o.jpg,0015/3725011530_c0b61956ec_o.jpg
1440,train,0022/1433640101_c6d27d0559_o.jpg,0022/3568956904_f156634a3e_o.jpg
1441,train,0022/2676532132_7c55a4b43a_o.jpg,0022/2362913561_1b797b1035_o.jpg
1442,val,0015/492111834_53b604129e_o.jpg,0015/4001663691_8460da38bb_o.jpg
1443,train,0015/2140428609_eecfae94d0_o.jpg,0015/144245474_d030ef9e44_o.jpg
1444,train,0022/1028453105_b7a446d73c_o.jpg,0022/391179592_a2a5e97709_o.jpg
1445,train,0015/301589598_39710c03a0_o.jpg,0015/2609404743_a9e564f088_o.jpg
1446,train,0022/2418898447_014cb125cd_o.jpg,0022/772882575_37ff22c631_o.jpg
1447,train,0022/2082536149_8253c1d62f_o.jpg,0022/3464140746_a8e34df568_o.jpg
1448,train,0022/402462375_fc3c6e17a1_o.jpg,0022/140882320_e0be63682a_o.jpg
1449,train,0015/492111834_53b604129e_o.jpg,0015/2073853679_f35bb29c49_o.jpg
1450,train,0022/2164387434_9b9d5a995c_o.jpg,0022/217448351_09b6986ab2_o.jpg
1451,train,0022/83606285_950fba64a6_o.jpg,0022/2605465116_514cae62d5_o.jpg
1452,train,0015/3611827485_281ac6d564_o.jpg,0015/3481071716_52e34ed500_o.jpg
1453,train,0015/149746416_ee35b4d9ae_o.jpg,0015/1017541041_394e9f81d4_o.jpg
1454,val,0015/3876484797_d1bed04c34_o.jpg,0015/2499107370_d54ef6325a_o.jpg
1455,train,0022/2315547624_62f253a152_o.jpg,0022/402460922_5ff257d9d9_o.jpg
1456,train,0022/217452221_f1a497fac2_o.jpg,0022/2811690874_f500d83335_o.jpg
1457,val,0015/4174108353_20422632d6_o.jpg,0015/330734230_843d97598d_o.jpg
1458,val,0015/138728131_7b2091047c_o.jpg,0015/3729218862_e3075a422c_o.jpg
1459,test,0015/3602433917_f463ce87ae_o.jpg,0015/2297364097_cf9cff1291_o.jpg
1460,test,0015/3551806723_a47181cf9a_o.jpg,0015/3885626944_ef7b25d477_o.jpg
1461,test,0015/3612636980_590b713557_o.jpg,0015/4142908691_3884438815_o.jpg
1462,train,0022/2969129627_e8c1be55f3_o.jpg,0022/2704204608_ac8406d85b_o.jpg
1463,val,0022/1297117943_127148ed21_o.jpg,0022/1297983720_1baf4bb6e1_o.jpg
1464,train,0015/2588733932_079fa6732a_o.jpg,0015/2144092284_8a5198a473_o.jpg
1465,train,0022/448214815_f9d37b29e4_o.jpg,0022/2652866084_f528569160_o.jpg
1466,train,0022/2414832080_ce0b33bb01_o.jpg,0022/2464628195_1a5936f331_o.jpg
1467,train,0015/519467706_cec0e967a5_o.jpg,0015/3602442955_5305b75580_o.jpg
1468,train,0015/3315597110_2265a3ce06_o.jpg,0015/3098177275_849e470188_o.jpg
1469,val,0022/3785461573_16e1515d06_o.jpg,0022/2385889720_b7d00c42f6_o.jpg
1470,train,0022/2814711330_caf820aefa_o.jpg,0022/1482387239_eeeb02aa48_o.jpg
1471,val,0022/433892710_09d0fce291_o.jpg,0022/3066270889_9fc44bae25_o.jpg
1472,val,0015/3877294130_8f0a096dbd_o.jpg,0015/312805622_a59767daaa_o.jpg
1473,train,0015/3182244552_6b2b1a66c4_o.jpg,0015/138728131_7b2091047c_o.jpg
1474,train,0022/3754582807_4c00a92d1f_o.jpg,0022/312975294_154b7c3f96_o.jpg
1475,test,0015/1948510225_f88f292e3f_o.jpg,0015/4143668500_4d10ec3fc6_o.jpg
1476,train,0022/2490982581_084455e576_o.jpg,0022/12003890_f6c899bec0_o.jpg
1477,train,0022/2688932271_d1fb737a88_o.jpg,0022/3779206240_183352156b_o.jpg
1478,train,0015/2183181601_581f321c75_o.jpg,0015/1162164006_4b2185f4e7_o.jpg
1479,train,0022/624570534_077746f40c_o.jpg,0022/3066274005_d6b0de2d4d_o.jpg
1480,train,0015/3182244552_6b2b1a66c4_o.jpg,0015/3968509319_096d953be0_o.jpg
1481,train,0015/330736595_6ee3e97748_o.jpg,0015/3602442955_5305b75580_o.jpg
1482,test,0015/2376290325_1f10c6d2ce_o.jpg,0015/66518178_f9db888403_o.jpg
1483,train,0022/1775341099_98ecd54a92_o.jpg,0022/2757260812_6fa31d60f0_o.jpg
1484,val,0022/319538081_654369b7a2_o.jpg,0022/733459890_6209f79181_o.jpg
1485,train,0015/548538441_7e091ac4aa_o.jpg,0015/3635974944_b128702f4b_o.jpg
1486,train,0015/3180508595_1128ea7157_o.jpg,0015/375696071_1c3e63e9e3_o.jpg
1487,train,0015/2868077621_79f4c04c43_o.jpg,0015/164684196_d172f0865b_o.jpg
1488,train,0022/388668445_834615eff6_o.jpg,0022/3695852270_363135b69e_o.jpg
1489,train,0015/205993922_4ad25ed386_o.jpg,0015/2912685234_7c4c21ee78_o.jpg
1490,train,0022/2814711330_caf820aefa_o.jpg,0022/2916597554_bc218c25de_o.jpg
1491,train,0015/3602436699_8ae57299b4_o.jpg,0015/2716363973_0e6e3c3579_o.jpg
1492,train,0022/623690633_7e3925a8e2_o.jpg,0022/3722427356_6fee2b7349_o.jpg
1493,train,0022/2604633667_ccfa68a6b2_o.jpg,0022/543475925_f32587de1a_o.jpg
1494,train,0022/2508509466_989c3d0719_o.jpg,0022/1482387239_eeeb02aa48_o.jpg
1495,train,0015/399364960_845892e7d7_o.jpg,0015/2175390292_555e644515_o.jpg
1496,test,0015/3724201875_22dba7955f_o.jpg,0015/3752206429_d18226a19f_o.jpg
1497,val,0022/1246999913_f034722c7b_o.jpg,0022/1247003203_b554be0557_o.jpg
1498,train,0015/2184089070_9a8d3c5230_o.jpg,0015/3815715145_80fa679644_o.jpg
1499,val,0015/2689679632_c545872fab_o.jpg,0015/389635223_1213f76125_o.jpg
